ID,PDF_File,Category,Page,Product_Title,Price_Formatted,Raw_Price,Line_Text
FURN-00001,+ PRINCE SERIES - PRICELIST WEF 1STMAY 2026.pdf,prince,1,Prince,"₹2,026",2026,"PRINCE |  | ₹2,026"
FURN-00002,+ PRINCE SERIES - PRICELIST WEF 1STMAY 2026.pdf,prince,2,Quartz,"₹34,000",34000,"Quartz | Formedforstillness. | ₹34,000"
FURN-00003,+ PRINCE SERIES - PRICELIST WEF 1STMAY 2026.pdf,prince,3,Paradox,Price on Request,0,Paradox | Where form meets freedom. | Price on Request
FURN-00004,+ PRINCE SERIES - PRICELIST WEF 1STMAY 2026.pdf,prince,4,Ferrari,"₹47,500",47500,"Ferrari | Modern comfort. | ₹47,500"
FURN-00005,+ PRINCE SERIES - PRICELIST WEF 1STMAY 2026.pdf,prince,5,Valour,"₹48,500",48500,"Valour | Bold in form. | ₹48,500"
FURN-00006,+ PRINCE SERIES - PRICELIST WEF 1STMAY 2026.pdf,prince,6,Soho,"₹41,500",41500,"Soho | Moderncomfort. | ₹41,500"
FURN-00007,+ PRINCE SERIES - PRICELIST WEF 1STMAY 2026.pdf,prince,7,Tiago,"₹32,000",32000,"TIAGO | Designed for focus. | ₹32,000"
FURN-00008,+ PRINCE SERIES - PRICELIST WEF 1STMAY 2026.pdf,prince,8,Allure,"₹28,000",28000,"Allure | LOUNGE CHAIR | ₹28,000"
FURN-00009,+ PRINCE SERIES - PRICELIST WEF 1STMAY 2026.pdf,prince,9,Pebble,"₹29,000",29000,"PEBBLE | Soft curves. | ₹29,000"
FURN-00010,+ PRINCE SERIES - PRICELIST WEF 1STMAY 2026.pdf,prince,10,Crafty,"₹32,000",32000,"Crafty | Modern comfort. | ₹32,000"
FURN-00011,+ PRINCE SERIES - PRICELIST WEF 1STMAY 2026.pdf,prince,11,Marina,"₹28,000",28000,"MARINA | LOUNGE CHAIR | ₹28,000"
FURN-00012,+ PRINCE SERIES - PRICELIST WEF 1STMAY 2026.pdf,prince,12,Osaka,"₹32,000",32000,"Osaka | Sculpted comfort. | ₹32,000"
FURN-00013,+ PRINCE SERIES - PRICELIST WEF 1STMAY 2026.pdf,prince,13,Azzura,Price on Request,0,azzura | Modern comfort. | Price on Request
FURN-00014,+ PRINCE SERIES - PRICELIST WEF 1STMAY 2026.pdf,prince,14,Cassina,"₹26,000",26000,"Cassina | Contemporary Comfort | ₹26,000"
FURN-00015,+ PRINCE SERIES - PRICELIST WEF 1STMAY 2026.pdf,prince,15,Meraki,"₹30,000",30000,"MERAKI | LOUNGE CHAIR | ₹30,000"
FURN-00016,+ PRINCE SERIES - PRICELIST WEF 1STMAY 2026.pdf,prince,16,Scorpio,"₹27,000",27000,"SCORPIO | Curvedfor comfort. | ₹27,000"
FURN-00017,+ PRINCE SERIES - PRICELIST WEF 1STMAY 2026.pdf,prince,17,Tiesto,"₹19,000",19000,"TIESTO | LOUNGE CHAIR | ₹19,000"
FURN-00018,+ PRINCE SERIES - PRICELIST WEF 1STMAY 2026.pdf,prince,18,Avita,"₹32,000",32000,"Avita | Moderncomfort. | ₹32,000"
FURN-00019,+ PRINCE SERIES - PRICELIST WEF 1STMAY 2026.pdf,prince,19,June,"₹35,000",35000,"June | Comfort that inspires. | ₹35,000"
FURN-00020,+ PRINCE SERIES - PRICELIST WEF 1STMAY 2026.pdf,prince,20,Rolf,"₹24,000",24000,"Rolf | Modern comfort. | ₹24,000"
FURN-00021,+ PRINCE SERIES - PRICELIST WEF 1STMAY 2026.pdf,prince,21,Symphony,"₹29,750",29750,"Symphony | Modern comfort. | ₹29,750"
FURN-00022,+ PRINCE SERIES - PRICELIST WEF 1STMAY 2026.pdf,prince,22,Lancer,"₹41,000",41000,"Lancer | Sleek design | ₹41,000"
FURN-00023,+ PRINCE SERIES - PRICELIST WEF 1STMAY 2026.pdf,prince,23,Zara,"₹39,500",39500,"Zara | Comfortthat inspires. | ₹39,500"
FURN-00024,+ PRINCE SERIES - PRICELIST WEF 1STMAY 2026.pdf,prince,24,Zara,"₹37,000",37000,"Zara | without arms | ₹37,000"
FURN-00025,+ PRINCE SERIES - PRICELIST WEF 1STMAY 2026.pdf,prince,25,Oxy,"₹32,000",32000,"oxy | Modern comfort | ₹32,000"
FURN-00026,+ PRINCE SERIES - PRICELIST WEF 1STMAY 2026.pdf,prince,26,Finista,"₹28,000",28000,"Finista | Moderncomfort. | ₹28,000"
FURN-00027,+ PRINCE SERIES - PRICELIST WEF 1STMAY 2026.pdf,prince,27,Ethan,"₹28,000",28000,"Ethan | Sculpted comfort. | ₹28,000"
FURN-00028,+ PRINCE SERIES - PRICELIST WEF 1STMAY 2026.pdf,prince,28,Antonia,"₹26,000",26000,"Antonia | Modern comfort. | ₹26,000"
FURN-00029,+ PRINCE SERIES - PRICELIST WEF 1STMAY 2026.pdf,prince,29,Mackanzy,"₹29,000",29000,"Mackanzy | Modern comfort. | ₹29,000"
FURN-00030,+ PRINCE SERIES - PRICELIST WEF 1STMAY 2026.pdf,prince,30,Mustang,"₹29,500",29500,"mustang | Modern comfort. | ₹29,500"
FURN-00031,+ PRINCE SERIES - PRICELIST WEF 1STMAY 2026.pdf,prince,31,Maharaja,"₹32,000",32000,"Maharaja | Timeless luxury. | ₹32,000"
FURN-00032,+PUFFY PRICELIST LIFESTYLE- AUG26.pdf,puffy,1,Puffy,"₹2,026",2026,"PUFFY | ALBERT | ₹2,026"
FURN-00033,+PUFFY PRICELIST LIFESTYLE- AUG26.pdf,puffy,2,Divin,₹700,700,DIVIN | Libra | ₹700
FURN-00034,+PUFFY PRICELIST LIFESTYLE- AUG26.pdf,puffy,3,Albert,"₹6,500",6500,"Albert | Sculptural design. | ₹6,500"
FURN-00035,+PUFFY PRICELIST LIFESTYLE- AUG26.pdf,puffy,4,Vin,"₹8,000",8000,"VIN | KINFOLK | ₹8,000"
FURN-00036,+PUFFY PRICELIST LIFESTYLE- AUG26.pdf,puffy,5,Ivine,"₹6,750",6750,"IVINE | Moon | ₹6,750"
FURN-00037,+PUFFY PRICELIST LIFESTYLE- AUG26.pdf,puffy,6,Drift,"₹6,500",6500,"Drift | LIVEREALTIFTLIV | ₹6,500"
FURN-00038,+PUFFY PRICELIST LIFESTYLE- AUG26.pdf,puffy,7,Vine,"₹8,250",8250,"VINE | Dior | ₹8,250"
FURN-00039,+PUFFY PRICELIST LIFESTYLE- AUG26.pdf,puffy,8,Kinfolk,"₹5,750",5750,"KINFOLK | LINEBENUTIFULEYO | ₹5,750"
FURN-00040,+PUFFY PRICELIST LIFESTYLE- AUG26.pdf,puffy,9,Vine,"₹5,500",5500,"VINE | Opal | ₹5,500"
FURN-00041,+PUFFY PRICELIST LIFESTYLE- AUG26.pdf,puffy,10,Ivine,"₹5,750",5750,"IVINE | Flow | ₹5,750"
FURN-00042,+PUFFY PRICELIST LIFESTYLE- AUG26.pdf,puffy,11,Bolt,"₹9,000",9000,"Bolt | Compact luxury. | ₹9,000"
FURN-00043,+PUFFY PRICELIST LIFESTYLE- AUG26.pdf,puffy,12,Hush,"₹6,250",6250,"Hush | Compact luxury | ₹6,250"
FURN-00044,+PUFFY PRICELIST LIFESTYLE- AUG26.pdf,puffy,13,Vini,"₹6,000",6000,"VINI | Mushroom | ₹6,000"
FURN-00045,+PUFFY PRICELIST LIFESTYLE- AUG26.pdf,puffy,14,Vine,"₹9,000",9000,"VINE | Vibe | ₹9,000"
FURN-00046,+PUFFY PRICELIST LIFESTYLE- AUG26.pdf,puffy,15,Astro,"₹6,500",6500,"Astro | Timelessdesign | ₹6,500"
FURN-00047,+PUFFY PRICELIST LIFESTYLE- AUG26.pdf,puffy,16,Gold,"₹6,250",6250,"Gold | Minimal form. | ₹6,250"
FURN-00048,+PUFFY PRICELIST LIFESTYLE- AUG26.pdf,puffy,17,Kenzi,"₹11,000",11000,"Kenzi | Modern elegance. | ₹11,000"
FURN-00049,+PUFFY PRICELIST LIFESTYLE- AUG26.pdf,puffy,18,Capsule,"₹5,500",5500,"Capsule | Minimal form. | ₹5,500"
FURN-00050,+PUFFY PRICELIST LIFESTYLE- AUG26.pdf,puffy,19,Kazo,"₹8,500",8500,"Kazo | Earthy tones. | ₹8,500"
FURN-00051,+PUFFY PRICELIST LIFESTYLE- AUG26.pdf,puffy,20,Vine,"₹5,500",5500,"VINE | Eva | ₹5,500"
FURN-00052,+PUFFY PRICELIST LIFESTYLE- AUG26.pdf,puffy,21,Ivine,"₹7,750",7750,"IVINE | Torry | ₹7,750"
FURN-00053,+PUFFY PRICELIST LIFESTYLE- AUG26.pdf,puffy,22,Vitro,"₹10,250",10250,"Vitro | Bold form. | ₹10,250"
FURN-00054,+PUFFY PRICELIST LIFESTYLE- AUG26.pdf,puffy,23,Lume,"₹7,000",7000,"Lume | Compact luxury. | ₹7,000"
FURN-00055,+PUFFY PRICELIST LIFESTYLE- AUG26.pdf,puffy,24,Snug,₹520,520,Snug | Compact luxury. | ₹520
FURN-00056,+PUFFY PRICELIST LIFESTYLE- AUG26.pdf,puffy,25,Zoya,"₹7,500",7500,"Zoya | Smartdesign. | ₹7,500"
FURN-00057,+PUFFY PRICELIST LIFESTYLE- AUG26.pdf,puffy,26,Majesty,₹900,900,Majesty | Compact luxury. | ₹900
FURN-00058,+PUFFY PRICELIST LIFESTYLE- AUG26.pdf,puffy,27,Divin,₹900,900,DIVIN | Novel | ₹900
FURN-00059,+PUFFY PRICELIST LIFESTYLE- AUG26.pdf,puffy,28,Louis,₹900,900,Louis | KINFOL | ₹900
FURN-00060,+PUFFY PRICELIST LIFESTYLE- AUG26.pdf,puffy,29,Drum,₹900,900,Drum | Compact luxury. | ₹900
FURN-00061,+PUFFY PRICELIST LIFESTYLE- AUG26.pdf,puffy,30,Chairs,Price on Request,0,CHAIRS | MY CHAIR MY PRIDE | Price on Request
FURN-00062,+SOFA LIFESTYLE PRICELIST- AUG26.pdf,sofa,1,Sofa,"₹2,026",2026,"SOFA |  | ₹2,026"
FURN-00063,+SOFA LIFESTYLE PRICELIST- AUG26.pdf,sofa,2,Canvas,"₹92,000",92000,"Canvas | Artful comfort | ₹92,000"
FURN-00064,+SOFA LIFESTYLE PRICELIST- AUG26.pdf,sofa,3,Vegas,"₹92,000",92000,"VEGAS | Timeless design. | ₹92,000"
FURN-00065,+SOFA LIFESTYLE PRICELIST- AUG26.pdf,sofa,4,Flame,"₹82,000",82000,"FLAME | SOFA | ₹82,000"
FURN-00066,+SOFA LIFESTYLE PRICELIST- AUG26.pdf,sofa,5,Lopez,"₹62,000",62000,"LOPEZ | Curves that welcome. | ₹62,000"
FURN-00067,+SOFA LIFESTYLE PRICELIST- AUG26.pdf,sofa,6,Montana,"₹72,000",72000,"MONTANA | Craftedwith wood. | ₹72,000"
FURN-00068,+SOFA LIFESTYLE PRICELIST- AUG26.pdf,sofa,7,Arcus,"₹64,000",64000,"ARCUS | Timeless design. | ₹64,000"
FURN-00069,+SOFA LIFESTYLE PRICELIST- AUG26.pdf,sofa,8,Zara,"₹84,000",84000,"ZARA | Timeless design. | ₹84,000"
FURN-00070,+SOFA LIFESTYLE PRICELIST- AUG26.pdf,sofa,9,Divin,"₹98,000",98000,"DIVIN | LIBERTY | ₹98,000"
FURN-00071,+SOFA LIFESTYLE PRICELIST- AUG26.pdf,sofa,10,Vine,"₹98,000",98000,"VINE | LIBERTY | ₹98,000"
FURN-00072,+SOFA LIFESTYLE PRICELIST- AUG26.pdf,sofa,11,Nova,"₹64,500",64500,"NOVA | Modern design. | ₹64,500"
FURN-00073,+SOFA LIFESTYLE PRICELIST- AUG26.pdf,sofa,12,Curve,"₹68,000",68000,"CURVE | VINE | ₹68,000"
FURN-00074,+SOFA LIFESTYLE PRICELIST- AUG26.pdf,sofa,13,Meridian,"₹82,000",82000,"MERIDIAN | Sophisticated Comfort. | ₹82,000"
FURN-00075,+SOFA LIFESTYLE PRICELIST- AUG26.pdf,sofa,14,Tiara,"₹68,000",68000,"TIARA | Timeless Design. | ₹68,000"
FURN-00076,+SOFA LIFESTYLE PRICELIST- AUG26.pdf,sofa,15,Fortune,"₹62,000",62000,"Fortune | VINE | ₹62,000"
FURN-00077,+SOFA LIFESTYLE PRICELIST- AUG26.pdf,sofa,16,Chester,"₹65,000",65000,"CHESTER | Timeless Elegance. | ₹65,000"
FURN-00078,+SOFA LIFESTYLE PRICELIST- AUG26.pdf,sofa,17,New Vogue,"₹58,000",58000,"NEW VOGUE | Refined Comfort. | ₹58,000"
FURN-00079,+SOFA LIFESTYLE PRICELIST- AUG26.pdf,sofa,18,Heritage,"₹65,000",65000,"HERITAGE | Timeless elegance,crafted forheritage living. | ₹65,000"
FURN-00080,+SOFA LIFESTYLE PRICELIST- AUG26.pdf,sofa,19,Vine,"₹98,000",98000,"VINE | ZURICH | ₹98,000"
FURN-00081,+SOFA LIFESTYLE PRICELIST- AUG26.pdf,sofa,20,Vine,"₹65,000",65000,"VINE | Glamour | ₹65,000"
FURN-00082,+SOFA LIFESTYLE PRICELIST- AUG26.pdf,sofa,21,Florance,"₹54,000",54000,"FLORANCE | Timeless Design. | ₹54,000"
FURN-00083,+SOFA LIFESTYLE PRICELIST- AUG26.pdf,sofa,22,Vine,"₹68,000",68000,"VINE | Imperial | ₹68,000"
FURN-00084,+SOFA LIFESTYLE PRICELIST- AUG26.pdf,sofa,23,Tokyo,"₹51,000",51000,"TOKYO | Timeless design. | ₹51,000"
FURN-00085,+SOFA LIFESTYLE PRICELIST- AUG26.pdf,sofa,24,Saphire,"₹54,500",54500,"SAPHIRE | Designed to inspire. | ₹54,500"
FURN-00086,+SOFA LIFESTYLE PRICELIST- AUG26.pdf,sofa,25,Mapple,"₹55,500",55500,"Mapple | Modern comfort. | ₹55,500"
FURN-00087,+SOFA LIFESTYLE PRICELIST- AUG26.pdf,sofa,26,California,"₹52,000",52000,"California | DIV.INE | ₹52,000"
FURN-00088,+SOFA LIFESTYLE PRICELIST- AUG26.pdf,sofa,27,Oxy,"₹58,000",58000,"OXY | Sophisticated Comfort. | ₹58,000"
FURN-00089,+SOFA LIFESTYLE PRICELIST- AUG26.pdf,sofa,28,Divin,"₹63,000",63000,"DIVIN | CORBUSIER | ₹63,000"
FURN-00090,+SOFA LIFESTYLE PRICELIST- AUG26.pdf,sofa,29,Sofa,"₹58,000",58000,"SOFA | DREAM | ₹58,000"
FURN-00091,+SOFA LIFESTYLE PRICELIST- AUG26.pdf,sofa,30,Divin,"₹53,000",53000,"DIVIN | JUNE | ₹53,000"
FURN-00092,+SOFA LIFESTYLE PRICELIST- AUG26.pdf,sofa,31,Kitkat,"₹52,000",52000,"KitKat | KITKAT | ₹52,000"
FURN-00093,+SOFA LIFESTYLE PRICELIST- AUG26.pdf,sofa,32,Barcelona,"₹74,000",74000,"BARCELONA | Bold design. | ₹74,000"
FURN-00094,+SOFA LIFESTYLE PRICELIST- AUG26.pdf,sofa,33,Futon,"₹45,500",45500,"FUTON | Simple comfort.Modern living. | ₹45,500"
FURN-00095,+SOFA LIFESTYLE PRICELIST- AUG26.pdf,sofa,34,Havoc,"₹45,500",45500,"HAVOC | Bold by design. | ₹45,500"
FURN-00096,+SOFA LIFESTYLE PRICELIST- AUG26.pdf,sofa,35,Aero,"₹42,000",42000,"AERO | Elevate your space. | ₹42,000"
FURN-00097,+SOFA LIFESTYLE PRICELIST- AUG26.pdf,sofa,36,Crystal,"₹65,000",65000,"CRYSTAL | Sophisticated Comfort. | ₹65,000"
FURN-00098,+SOFA LIFESTYLE PRICELIST- AUG26.pdf,sofa,37,Nero,"₹58,000",58000,"NERO | Bold by design. | ₹58,000"
FURN-00099,+SOFA LIFESTYLE PRICELIST- AUG26.pdf,sofa,38,Benz,"₹56,000",56000,"BENZ | Modern design. | ₹56,000"
FURN-00100,DINNING PRICELIST -AUG26 .pdf,dining,1,26,₹0,0,26000/-
FURN-00101,DINNING PRICELIST -AUG26 .pdf,dining,2,31,₹0,0,31000/-
FURN-00102,DINNING PRICELIST -AUG26 .pdf,dining,2,28,₹750,750,28750/-
FURN-00103,DINNING PRICELIST -AUG26 .pdf,dining,2,32,₹0,0,32000/-
FURN-00104,DINNING PRICELIST -AUG26 .pdf,dining,3,17,₹0,0,17000/-
FURN-00105,DINNING PRICELIST -AUG26 .pdf,dining,3,21,₹500,500,21500/-
FURN-00106,DINNING PRICELIST -AUG26 .pdf,dining,3,21,₹0,0,21000/-
FURN-00107,DINNING PRICELIST -AUG26 .pdf,dining,4,22,₹0,0,22000/-
FURN-00108,DINNING PRICELIST -AUG26 .pdf,dining,4,26,₹0,0,26000/-
FURN-00109,DINNING PRICELIST -AUG26 .pdf,dining,4,42,₹0,0,42000/-
FURN-00110,DINNING PRICELIST -AUG26 .pdf,dining,5,17,₹0,0,17000/-
FURN-00111,DINNING PRICELIST -AUG26 .pdf,dining,5,26,₹0,0,26000/-
FURN-00112,DINNING PRICELIST -AUG26 .pdf,dining,5,22,₹0,0,22000/-
FURN-00113,DINNING PRICELIST -AUG26 .pdf,dining,6,26,₹0,0,26000/-
FURN-00114,DINNING PRICELIST -AUG26 .pdf,dining,6,28,₹0,0,28000/-
FURN-00115,DINNING PRICELIST -AUG26 .pdf,dining,6,10,₹750,750,10750/-
FURN-00116,DINNING PRICELIST -AUG26 .pdf,dining,7,22,₹0,0,22000/-
FURN-00117,DINNING PRICELIST -AUG26 .pdf,dining,7,23,₹0,0,23000/-
FURN-00118,DINNING PRICELIST -AUG26 .pdf,dining,7,17,₹500,500,17500/-
FURN-00119,DINNING PRICELIST -AUG26 .pdf,dining,8,22,₹0,0,22000/-
FURN-00120,DINNING PRICELIST -AUG26 .pdf,dining,8,23,₹0,0,23000/-
FURN-00121,DINNING PRICELIST -AUG26 .pdf,dining,8,22,₹0,0,22000/-
FURN-00122,DINNING PRICELIST -AUG26 .pdf,dining,9,14,₹0,0,14000/-
FURN-00123,DINNING PRICELIST -AUG26 .pdf,dining,10,11,₹500,500,11500/-
FURN-00124,DINNING PRICELIST -AUG26 .pdf,dining,10,18,₹500,500,18500/-
FURN-00125,DINNING PRICELIST -AUG26 .pdf,dining,10,12,₹500,500,12500/-
FURN-00126,DINNING PRICELIST -AUG26 .pdf,dining,11,34,₹0,0,34000/-
FURN-00127,DINNING PRICELIST -AUG26 .pdf,dining,11,22,₹0,0,22000/-
FURN-00128,DINNING PRICELIST -AUG26 .pdf,dining,11,42,₹0,0,42000/-
FURN-00129,DINNING PRICELIST -AUG26 .pdf,dining,12,23,₹0,0,23000/-
FURN-00130,DINNING PRICELIST -AUG26 .pdf,dining,12,17,₹200,200,17200/-
FURN-00131,DINNING PRICELIST -AUG26 .pdf,dining,12,16,₹0,0,16000/-
FURN-00132,DINNING PRICELIST -AUG26 .pdf,dining,13,18,₹800,800,18800/-
FURN-00133,DINNING PRICELIST -AUG26 .pdf,dining,13,23,₹500,500,23500/-
FURN-00134,DINNING PRICELIST -AUG26 .pdf,dining,13,23,₹0,0,23000/-
FURN-00135,DINNING PRICELIST -AUG26 .pdf,dining,14,21,₹500,500,21500/-
FURN-00136,DINNING PRICELIST -AUG26 .pdf,dining,14,21,₹0,0,21000/-
FURN-00137,DINNING PRICELIST -AUG26 .pdf,dining,14,19,₹0,0,19000/-
FURN-00138,DINNING PRICELIST -AUG26 .pdf,dining,15,10,₹500,500,10500/-
FURN-00139,DINNING PRICELIST -AUG26 .pdf,dining,15,18,₹500,500,18500/-
FURN-00140,DINNING PRICELIST -AUG26 .pdf,dining,15,Wood,"₹22,500",22500,WOOD : 22500/- | METAL : 20000/-
FURN-00141,DINNING PRICELIST -AUG26 .pdf,dining,16,19,₹500,500,19500/-
FURN-00142,DINNING PRICELIST -AUG26 .pdf,dining,16,14,₹500,500,14500/-
FURN-00143,DINNING PRICELIST -AUG26 .pdf,dining,16,23,₹0,0,23000/-
FURN-00144,DINNING PRICELIST -AUG26 .pdf,dining,17,16,₹500,500,16500/-
FURN-00145,DINNING PRICELIST -AUG26 .pdf,dining,17,14,₹0,0,14000/-
FURN-00146,DINNING PRICELIST -AUG26 .pdf,dining,17,19,₹500,500,19500/-
FURN-00147,DINNING PRICELIST -AUG26 .pdf,dining,18,21,₹0,0,21000/- | BLACK - 21000/-
FURN-00148,DINNING PRICELIST -AUG26 .pdf,dining,18,14,₹500,500,14500/-
FURN-00149,DINNING PRICELIST -AUG26 .pdf,dining,18,23,₹0,0,23000/-
FURN-00150,DINNING PRICELIST -AUG26 .pdf,dining,19,13,₹750,750,13750/-
FURN-00151,DINNING PRICELIST -AUG26 .pdf,dining,19,10,₹750,750,10750/-
FURN-00152,DINNING PRICELIST -AUG26 .pdf,dining,19,11,₹0,0,11000/-
FURN-00153,DINNING PRICELIST -AUG26 .pdf,dining,20,15,₹0,0,15000/-
FURN-00154,DINNING PRICELIST -AUG26 .pdf,dining,20,15,₹0,0,15000/-
FURN-00155,DINNING PRICELIST -AUG26 .pdf,dining,20,16,₹0,0,16000/-
FURN-00156,DINNING PRICELIST -AUG26 .pdf,dining,21,21,₹0,0,21000/-
FURN-00157,DINNING PRICELIST -AUG26 .pdf,dining,21,15,₹0,0,15000/-
FURN-00158,DINNING PRICELIST -AUG26 .pdf,dining,21,15,₹0,0,15000/-
FURN-00159,DINNING PRICELIST -AUG26 .pdf,dining,22,Dining Chairs,"₹5,600",5600,"DINING CHAIRS | PEPPER | ₹5,600"
FURN-00160,DINNING PRICELIST -AUG26 .pdf,dining,23,12,₹250,250,12250/-
FURN-00161,DINNING PRICELIST -AUG26 .pdf,dining,23,11,₹500,500,11500/-
FURN-00162,DINNING PRICELIST -AUG26 .pdf,dining,24,Dining Chairs,"₹6,300",6300,"DINING CHAIRS | IRIS (IND) | ₹6,300"
FURN-00163,DINNING PRICELIST -AUG26 .pdf,dining,25,13,₹500,500,13500/-
FURN-00164,DINNING PRICELIST -AUG26 .pdf,dining,25,10,₹500,500,10500/-
FURN-00165,DINNING PRICELIST -AUG26 .pdf,dining,26,13,₹0,0,13000/-
FURN-00166,DINNING PRICELIST -AUG26 .pdf,dining,26,12,₹0,0,12000/-
FURN-00167,DINNING PRICELIST -AUG26 .pdf,dining,26,14,₹500,500,14500/-
FURN-00168,DINNING PRICELIST -AUG26 .pdf,dining,27,11,₹0,0,11000/-
FURN-00169,DINNING PRICELIST -AUG26 .pdf,dining,28,23,₹0,0,23000/-
FURN-00170,DINNING PRICELIST -AUG26 .pdf,dining,28,14,₹0,0,14000/-
FURN-00171,DINNING PRICELIST -AUG26 .pdf,dining,29,Chairs.,Price on Request,0,CHAIRS. | MY CHAIR MY PRIDE | Price on Request
FURN-00172,EXECUTIVE PRICELIST-AUG26.pdf,executive,1,Executive,"₹2,026",2026,"EXECUTIVE | 工一尺 | ₹2,026"
FURN-00173,EXECUTIVE PRICELIST-AUG26.pdf,executive,2,81,₹0,0,: 81000/- | MB : 79000/-
FURN-00174,EXECUTIVE PRICELIST-AUG26.pdf,executive,2,76,₹0,0,: 76000/- | MB : 74000/-
FURN-00175,EXECUTIVE PRICELIST-AUG26.pdf,executive,2,- 130,₹0,0,- 130000/-
FURN-00176,EXECUTIVE PRICELIST-AUG26.pdf,executive,3,35,₹0,0,: 35000/-
FURN-00177,EXECUTIVE PRICELIST-AUG26.pdf,executive,3,34,₹0,0,: 34000/-
FURN-00178,EXECUTIVE PRICELIST-AUG26.pdf,executive,3,35,₹0,0,: 35000/-
FURN-00179,EXECUTIVE PRICELIST-AUG26.pdf,executive,3,34,₹0,0,: 34000/-
FURN-00180,EXECUTIVE PRICELIST-AUG26.pdf,executive,4,40,₹0,0,: 40000/-
FURN-00181,EXECUTIVE PRICELIST-AUG26.pdf,executive,4,38,₹0,0,: 38000/-
FURN-00182,EXECUTIVE PRICELIST-AUG26.pdf,executive,4,40,₹0,0,: 40000/-
FURN-00183,EXECUTIVE PRICELIST-AUG26.pdf,executive,4,38,₹0,0,: 38000/-
FURN-00184,EXECUTIVE PRICELIST-AUG26.pdf,executive,5,31,₹0,0,: 31000/-
FURN-00185,EXECUTIVE PRICELIST-AUG26.pdf,executive,5,29,₹0,0,: 29000/-
FURN-00186,EXECUTIVE PRICELIST-AUG26.pdf,executive,5,29,₹0,0,: 29000/-
FURN-00187,EXECUTIVE PRICELIST-AUG26.pdf,executive,5,28,₹0,0,: 28000/-
FURN-00188,EXECUTIVE PRICELIST-AUG26.pdf,executive,6,30,₹500,500,: 30500/-
FURN-00189,EXECUTIVE PRICELIST-AUG26.pdf,executive,6,28,₹500,500,: 28500/-
FURN-00190,EXECUTIVE PRICELIST-AUG26.pdf,executive,7,24,₹500,500,: 24500/- | MB : 23500/-
FURN-00191,EXECUTIVE PRICELIST-AUG26.pdf,executive,7,23,₹500,500,: 23500/-  | MB : 22500/-
FURN-00192,EXECUTIVE PRICELIST-AUG26.pdf,executive,7,32,₹0,0,: 32000/-
FURN-00193,EXECUTIVE PRICELIST-AUG26.pdf,executive,7,31,₹0,0,: 31000/-
FURN-00194,EXECUTIVE PRICELIST-AUG26.pdf,executive,8,16,₹200,200,: 16200/- |MB : 15300/-
FURN-00195,EXECUTIVE PRICELIST-AUG26.pdf,executive,8,(Ind/Eco) 10,₹500,500,(IND/ECO) 10500/- |MB : 9
FURN-00196,EXECUTIVE PRICELIST-AUG26.pdf,executive,8,(Imp),₹310,310,(IMP)       310
FURN-00197,EXECUTIVE PRICELIST-AUG26.pdf,executive,8,11,₹500,500,: 11500/- | MB :10500/-
FURN-00198,EXECUTIVE PRICELIST-AUG26.pdf,executive,9,21,₹500,500,: 21500/-
FURN-00199,EXECUTIVE PRICELIST-AUG26.pdf,executive,9,20,₹500,500,: 20500/-
FURN-00200,EXECUTIVE PRICELIST-AUG26.pdf,executive,9,20,₹0,0,: 20000/-
FURN-00201,EXECUTIVE PRICELIST-AUG26.pdf,executive,9,18,₹500,500,: 18500/-
FURN-00202,EXECUTIVE PRICELIST-AUG26.pdf,executive,10,19,₹0,0,: 19000/-
FURN-00203,EXECUTIVE PRICELIST-AUG26.pdf,executive,10,16,₹500,500,: 16500/-
FURN-00204,EXECUTIVE PRICELIST-AUG26.pdf,executive,10,15,₹0,0,: 15000/-
FURN-00205,EXECUTIVE PRICELIST-AUG26.pdf,executive,10,18,₹500,500,: 18500/-
FURN-00206,EXECUTIVE PRICELIST-AUG26.pdf,executive,10,17,₹500,500,: 17500/-
FURN-00207,EXECUTIVE PRICELIST-AUG26.pdf,executive,11,16,₹0,0,16000/-
FURN-00208,EXECUTIVE PRICELIST-AUG26.pdf,executive,11,15,₹0,0,15000/
FURN-00209,EXECUTIVE PRICELIST-AUG26.pdf,executive,11,10,₹700,700,: 10700/- |MB
FURN-00210,EXECUTIVE PRICELIST-AUG26.pdf,executive,11,10,₹0,0,: 10000/-
FURN-00211,EXECUTIVE PRICELIST-AUG26.pdf,executive,11,29,₹0,0,: 29000/- |MB
FURN-00212,EXECUTIVE PRICELIST-AUG26.pdf,executive,11,27,₹0,0,: 27000/-
FURN-00213,EXECUTIVE PRICELIST-AUG26.pdf,executive,11,18,₹500,500,: 18500/-
FURN-00214,EXECUTIVE PRICELIST-AUG26.pdf,executive,11,17,₹500,500,: 17500/-
FURN-00215,EXECUTIVE PRICELIST-AUG26.pdf,executive,11,15,₹700,700,15700/-
FURN-00216,EXECUTIVE PRICELIST-AUG26.pdf,executive,11,15,₹0,0,15000/
FURN-00217,EXECUTIVE PRICELIST-AUG26.pdf,executive,12,15,₹750,750,: 15750/-
FURN-00218,EXECUTIVE PRICELIST-AUG26.pdf,executive,12,14,₹750,750,: 14750/-
FURN-00219,EXECUTIVE PRICELIST-AUG26.pdf,executive,12,14,₹750,750,: 14750/-
FURN-00220,EXECUTIVE PRICELIST-AUG26.pdf,executive,12,13,₹750,750,: 13750/-
FURN-00221,EXECUTIVE PRICELIST-AUG26.pdf,executive,13,23,₹0,0,: 23000/- | MB : 22500/-
FURN-00222,EXECUTIVE PRICELIST-AUG26.pdf,executive,13,22,₹500,500,: 22500/-  | MB : 21500/-
FURN-00223,EXECUTIVE PRICELIST-AUG26.pdf,executive,13,23,₹0,0,: 23000/- | MB : 22500/-
FURN-00224,EXECUTIVE PRICELIST-AUG26.pdf,executive,13,22,₹500,500,: 22500/- | MB : 21500/-
FURN-00225,EXECUTIVE PRICELIST-AUG26.pdf,executive,13,12,₹0,0,: 12000/- | MB : 11500/-
FURN-00226,EXECUTIVE PRICELIST-AUG26.pdf,executive,13,10,₹0,0,: 10000/- | MB : 9500/-
FURN-00227,EXECUTIVE PRICELIST-AUG26.pdf,executive,14,10,₹750,750,: 10750/-
FURN-00228,EXECUTIVE PRICELIST-AUG26.pdf,executive,14,10,₹0,0,: 10000/-
FURN-00229,EXECUTIVE PRICELIST-AUG26.pdf,executive,15,13,₹0,0,: 13000/-
FURN-00230,EXECUTIVE PRICELIST-AUG26.pdf,executive,15,12,₹0,0,: 12000/-
FURN-00231,EXECUTIVE PRICELIST-AUG26.pdf,executive,15,14,₹250,250,: 14250/-
FURN-00232,EXECUTIVE PRICELIST-AUG26.pdf,executive,15,13,₹500,500,: 13500/-
FURN-00233,EXECUTIVE PRICELIST-AUG26.pdf,executive,16,14,₹0,0,: 14000/-
FURN-00234,EXECUTIVE PRICELIST-AUG26.pdf,executive,16,13,₹0,0,: 13000/-
FURN-00235,EXECUTIVE PRICELIST-AUG26.pdf,executive,16,13,₹500,500,: 13500/-
FURN-00236,EXECUTIVE PRICELIST-AUG26.pdf,executive,16,12,₹500,500,: 12500/-
FURN-00237,EXECUTIVE PRICELIST-AUG26.pdf,executive,17,(Ind) 8,₹800,800,(IND) 8800/- | MB : 76
FURN-00238,EXECUTIVE PRICELIST-AUG26.pdf,executive,17,11,₹500,500,: 11500/-
FURN-00239,EXECUTIVE PRICELIST-AUG26.pdf,executive,17,10,₹500,500,: 10500/-
FURN-00240,EXECUTIVE PRICELIST-AUG26.pdf,executive,18,10,₹500,500,: 10500/-
FURN-00241,EXECUTIVE PRICELIST-AUG26.pdf,executive,18,10,₹0,0,: 10000/-
FURN-00242,EXECUTIVE PRICELIST-AUG26.pdf,executive,18,10,₹0,0,: 10000/-
FURN-00243,EXECUTIVE PRICELIST-AUG26.pdf,executive,21,64,₹0,0,: 64000/-
FURN-00244,EXECUTIVE PRICELIST-AUG26.pdf,executive,21,60,₹0,0,: 60000/-
FURN-00245,EXECUTIVE PRICELIST-AUG26.pdf,executive,21,56,₹0,0,: 56000/-
FURN-00246,EXECUTIVE PRICELIST-AUG26.pdf,executive,21,52,₹0,0,: 52000/-
FURN-00247,EXECUTIVE PRICELIST-AUG26.pdf,executive,22,63,₹500,500,: 63500/- | MB : 58500/-
FURN-00248,EXECUTIVE PRICELIST-AUG26.pdf,executive,22,51,₹0,0,: 51000/- | MB : 48000/-
FURN-00249,EXECUTIVE PRICELIST-AUG26.pdf,executive,22,68,₹0,0,: 68000/-
FURN-00250,EXECUTIVE PRICELIST-AUG26.pdf,executive,22,40,₹0,0,: 40000/-
FURN-00251,EXECUTIVE PRICELIST-AUG26.pdf,executive,23,75,₹0,0,: 75000/- | MB : 72000/-
FURN-00252,EXECUTIVE PRICELIST-AUG26.pdf,executive,23,55,₹0,0,: 55000/- | MB : 50000/-
FURN-00253,EXECUTIVE PRICELIST-AUG26.pdf,executive,23,41,₹0,0,: 41000/- |MB : 39000/-
FURN-00254,EXECUTIVE PRICELIST-AUG26.pdf,executive,23,59,₹0,0,: 59000/- | MB : 57000/-
FURN-00255,EXECUTIVE PRICELIST-AUG26.pdf,executive,24,26,₹0,0,: 26000/-
FURN-00256,EXECUTIVE PRICELIST-AUG26.pdf,executive,24,24,₹0,0,: 24000/-
FURN-00257,EXECUTIVE PRICELIST-AUG26.pdf,executive,24,28,₹0,0,: 28000/-
FURN-00258,EXECUTIVE PRICELIST-AUG26.pdf,executive,24,26,₹0,0,: 26000/-
FURN-00259,EXECUTIVE PRICELIST-AUG26.pdf,executive,25,95,₹0,0,: 95000/-
FURN-00260,EXECUTIVE PRICELIST-AUG26.pdf,executive,25,85,₹0,0,: 85000/-
FURN-00261,EXECUTIVE PRICELIST-AUG26.pdf,executive,25,80,₹0,0,: 80000/-
FURN-00262,EXECUTIVE PRICELIST-AUG26.pdf,executive,25,76,₹0,0,: 76000/-
FURN-00263,EXECUTIVE PRICELIST-AUG26.pdf,executive,26,28,₹0,0,: 28000/-
FURN-00264,EXECUTIVE PRICELIST-AUG26.pdf,executive,26,(Imp),₹280,280,(IMP) 280
FURN-00265,EXECUTIVE PRICELIST-AUG26.pdf,executive,27,32,₹500,500,: 32500/-
FURN-00266,EXECUTIVE PRICELIST-AUG26.pdf,executive,27,30,₹500,500,: 30500/-
FURN-00267,EXECUTIVE PRICELIST-AUG26.pdf,executive,27,34,₹0,0,: 34000/-
FURN-00268,EXECUTIVE PRICELIST-AUG26.pdf,executive,27,32,₹0,0,: 32000/-
FURN-00269,EXECUTIVE PRICELIST-AUG26.pdf,executive,28,28,₹0,0,: 28000/-
FURN-00270,EXECUTIVE PRICELIST-AUG26.pdf,executive,28,26,₹500,500,: 26500/-
FURN-00271,EXECUTIVE PRICELIST-AUG26.pdf,executive,28,32,₹0,0,: 32000/-
FURN-00272,EXECUTIVE PRICELIST-AUG26.pdf,executive,28,30,₹0,0,: 30000/-
FURN-00273,EXECUTIVE PRICELIST-AUG26.pdf,executive,29,33,₹0,0,: 33000/-
FURN-00274,EXECUTIVE PRICELIST-AUG26.pdf,executive,29,32,₹0,0,: 32000/-
FURN-00275,EXECUTIVE PRICELIST-AUG26.pdf,executive,29,34,₹500,500,: 34500/-
FURN-00276,EXECUTIVE PRICELIST-AUG26.pdf,executive,29,32,₹0,0,: 32000/-
FURN-00277,EXECUTIVE PRICELIST-AUG26.pdf,executive,30,64,₹0,0,: 64000/-
FURN-00278,EXECUTIVE PRICELIST-AUG26.pdf,executive,30,61,₹0,0,: 61000/-
FURN-00279,EXECUTIVE PRICELIST-AUG26.pdf,executive,30,75,₹0,0,: 75000/-
FURN-00280,EXECUTIVE PRICELIST-AUG26.pdf,executive,30,55,₹0,0,: 55000/-
FURN-00281,EXECUTIVE PRICELIST-AUG26.pdf,executive,31,128,₹0,0,: 128000/-
FURN-00282,EXECUTIVE PRICELIST-AUG26.pdf,executive,31,120,₹0,0,: 120000/-
FURN-00283,EXECUTIVE PRICELIST-AUG26.pdf,executive,31,32,₹0,0,: 32000/-
FURN-00284,EXECUTIVE PRICELIST-AUG26.pdf,executive,31,31,₹0,0,: 31000/-
FURN-00285,EXECUTIVE PRICELIST-AUG26.pdf,executive,32,31,₹0,0,: 31000/-
FURN-00286,EXECUTIVE PRICELIST-AUG26.pdf,executive,32,28,₹500,500,: 28500/-
FURN-00287,EXECUTIVE PRICELIST-AUG26.pdf,executive,32,26,₹0,0,: 26000/-
FURN-00288,EXECUTIVE PRICELIST-AUG26.pdf,executive,32,24,₹0,0,: 24000/-
FURN-00289,EXECUTIVE PRICELIST-AUG26.pdf,executive,33,20,₹0,0,: 20000/-
FURN-00290,EXECUTIVE PRICELIST-AUG26.pdf,executive,33,19,₹0,0,: 19000/-
FURN-00291,EXECUTIVE PRICELIST-AUG26.pdf,executive,33,38,₹500,500,: 38500/-
FURN-00292,EXECUTIVE PRICELIST-AUG26.pdf,executive,33,37,₹500,500,: 37500/-
FURN-00293,EXECUTIVE PRICELIST-AUG26.pdf,executive,34,17,₹500,500,: 17500/-
FURN-00294,EXECUTIVE PRICELIST-AUG26.pdf,executive,34,17,₹0,0,: 17000/-
FURN-00295,EXECUTIVE PRICELIST-AUG26.pdf,executive,34,17,₹500,500,: 17500/-
FURN-00296,EXECUTIVE PRICELIST-AUG26.pdf,executive,34,17,₹0,0,: 17000/-
FURN-00297,EXECUTIVE PRICELIST-AUG26.pdf,executive,35,14,₹0,0,: 14000/-
FURN-00298,EXECUTIVE PRICELIST-AUG26.pdf,executive,35,13,₹0,0,: 13000/-
FURN-00299,EXECUTIVE PRICELIST-AUG26.pdf,executive,35,25,₹500,500,: 25500/-
FURN-00300,EXECUTIVE PRICELIST-AUG26.pdf,executive,35,24,₹500,500,: 24500/-
FURN-00301,HIGHCOUNTER PRICELIST- AUG26.pdf,highcounter,2,17,₹0,0,17000
FURN-00302,HIGHCOUNTER PRICELIST- AUG26.pdf,highcounter,2,19,₹800,800,19800/-
FURN-00303,HIGHCOUNTER PRICELIST- AUG26.pdf,highcounter,2,16,₹0,0,16000/-
FURN-00304,HIGHCOUNTER PRICELIST- AUG26.pdf,highcounter,2,12,₹500,500,12500/-
FURN-00305,HIGHCOUNTER PRICELIST- AUG26.pdf,highcounter,2,23,₹0,0,23000/-
FURN-00306,HIGHCOUNTER PRICELIST- AUG26.pdf,highcounter,2,12,₹500,500,12500/-
FURN-00307,HIGHCOUNTER PRICELIST- AUG26.pdf,highcounter,2,16,₹500,500,16500/-
FURN-00308,HIGHCOUNTER PRICELIST- AUG26.pdf,highcounter,2,23,₹0,0,23000/-
FURN-00309,HIGHCOUNTER PRICELIST- AUG26.pdf,highcounter,2,25,₹0,0,25000/-
FURN-00310,HIGHCOUNTER PRICELIST- AUG26.pdf,highcounter,3,14,₹500,500,14500/-
FURN-00311,HIGHCOUNTER PRICELIST- AUG26.pdf,highcounter,3,10,₹500,500,10500/-
FURN-00312,HIGHCOUNTER PRICELIST- AUG26.pdf,highcounter,3,18,₹500,500,18500/-
FURN-00313,HIGHCOUNTER PRICELIST- AUG26.pdf,highcounter,3,12,₹500,500,12500/-
FURN-00314,HIGHCOUNTER PRICELIST- AUG26.pdf,highcounter,3,11,₹500,500,11500/-
FURN-00315,HIGHCOUNTER PRICELIST- AUG26.pdf,highcounter,3,12,₹200,200,12200/-
FURN-00316,HIGHCOUNTER PRICELIST- AUG26.pdf,highcounter,3,12,₹500,500,12500/-
FURN-00317,HIGHCOUNTER PRICELIST- AUG26.pdf,highcounter,4,12,₹500,500,12500/-
FURN-00318,HIGHCOUNTER PRICELIST- AUG26.pdf,highcounter,4,12,₹0,0,12000/-
FURN-00319,HIGHCOUNTER PRICELIST- AUG26.pdf,highcounter,5,15,₹0,0,15000/-
FURN-00320,HIGHCOUNTER PRICELIST- AUG26.pdf,highcounter,5,12,₹750,750,12750/-
FURN-00321,HIGHCOUNTER PRICELIST- AUG26.pdf,highcounter,5,11,₹0,0,11000/-
FURN-00322,HIGHCOUNTER PRICELIST- AUG26.pdf,highcounter,6,10,₹500,500,10500/-
FURN-00323,HIGHCOUNTER PRICELIST- AUG26.pdf,highcounter,6,14,₹500,500,14500/-
FURN-00324,LOUNGE  PRICELIST- AUG26.pdf,lounge,2,Emmi,"₹44,000",44000,EMMI : 44000/-
FURN-00325,LOUNGE  PRICELIST- AUG26.pdf,lounge,2,Rambo,"₹38,000",38000,RAMBO : 38000/-
FURN-00326,LOUNGE  PRICELIST- AUG26.pdf,lounge,2,Spain,"₹52,000",52000,SPAIN : 52000/-
FURN-00327,LOUNGE  PRICELIST- AUG26.pdf,lounge,2,Armenia,"₹44,000",44000,ARMENIA : 44000/-
FURN-00328,LOUNGE  PRICELIST- AUG26.pdf,lounge,3,Lucifer,"₹22,000",22000,LUCIFER : 22000/-
FURN-00329,LOUNGE  PRICELIST- AUG26.pdf,lounge,3,Matrix,"₹48,000",48000,MATRIX : 48000/-
FURN-00330,LOUNGE  PRICELIST- AUG26.pdf,lounge,3,Denver,"₹44,000",44000,DENVER : 44000/-
FURN-00331,LOUNGE  PRICELIST- AUG26.pdf,lounge,3,Vortex,"₹48,000",48000,VORTEX : 48000/-
FURN-00332,LOUNGE  PRICELIST- AUG26.pdf,lounge,4,Volos - 36,₹0,0,VOLOS - 36000/-
FURN-00333,LOUNGE  PRICELIST- AUG26.pdf,lounge,4,Starc,"₹29,000",29000,STARC : 29000/-
FURN-00334,LOUNGE  PRICELIST- AUG26.pdf,lounge,4,Rolf Ash Wood (Imp),"₹28,000",28000,ROLF ASH WOOD (IMP) : 28000/-
FURN-00335,LOUNGE  PRICELIST- AUG26.pdf,lounge,4,Antalia,"₹33,000",33000,ANTALIA : 33000/-
FURN-00336,LOUNGE  PRICELIST- AUG26.pdf,lounge,5,Belgium,"₹36,000",36000,BELGIUM: 36000/-
FURN-00337,LOUNGE  PRICELIST- AUG26.pdf,lounge,5,Capitol,"₹29,500",29500,CAPITOL : 29500/-
FURN-00338,LOUNGE  PRICELIST- AUG26.pdf,lounge,5,Austria,"₹54,000",54000,AUSTRIA : 54000/-
FURN-00339,LOUNGE  PRICELIST- AUG26.pdf,lounge,5,Domino - 16,₹500,500,DOMINO - 16500/- | 17500/-
FURN-00340,LOUNGE  PRICELIST- AUG26.pdf,lounge,6,Bulgaria,"₹66,000",66000,BULGARIA : 66000/-
FURN-00341,LOUNGE  PRICELIST- AUG26.pdf,lounge,6,Vivienne - 62,₹0,0,VIVIENNE - 62000/-
FURN-00342,LOUNGE  PRICELIST- AUG26.pdf,lounge,6,Maxx,"₹36,000",36000,MAXX : 36000/-
FURN-00343,LOUNGE  PRICELIST- AUG26.pdf,lounge,6,Roogle,"₹38,000",38000,ROOGLE : 38000/-
FURN-00344,LOUNGE  PRICELIST- AUG26.pdf,lounge,7,Greece,"₹49,900",49900,GREECE : 49900/-
FURN-00345,LOUNGE  PRICELIST- AUG26.pdf,lounge,7,Epitome,"₹49,500",49500,EPITOME : 49500/-
FURN-00346,LOUNGE  PRICELIST- AUG26.pdf,lounge,7,Bern,"₹44,000",44000,BERN : 44000/-
FURN-00347,LOUNGE  PRICELIST- AUG26.pdf,lounge,7,Sasaski,"₹44,000",44000,SASASKI : 44000/-
FURN-00348,LOUNGE  PRICELIST- AUG26.pdf,lounge,8,Enigma,"₹49,500",49500,ENIGMA : 49500/-
FURN-00349,LOUNGE  PRICELIST- AUG26.pdf,lounge,8,Antartica,"₹35,000",35000,ANTARTICA : 35000/-
FURN-00350,LOUNGE  PRICELIST- AUG26.pdf,lounge,8,Cape,"₹40,000",40000,CAPE : 40000/-
FURN-00351,LOUNGE  PRICELIST- AUG26.pdf,lounge,8,Albania,"₹34,000",34000,ALBANIA : 34000/-
FURN-00352,LOUNGE  PRICELIST- AUG26.pdf,lounge,9,Bugatti,"₹42,000",42000,BUGATTI : 42000/-
FURN-00353,LOUNGE  PRICELIST- AUG26.pdf,lounge,9,Sierra - 50,₹0,0,SIERRA - 50000/-
FURN-00354,LOUNGE  PRICELIST- AUG26.pdf,lounge,9,Lucerne,"₹38,000",38000,LUCERNE : 38000/-
FURN-00355,LOUNGE  PRICELIST- AUG26.pdf,lounge,9,Santosa - 19,₹950,950,SANTOSA - 19950/-
FURN-00356,LOUNGE  PRICELIST- AUG26.pdf,lounge,10,Romania,"₹29,500",29500,ROMANIA : 29500/-
FURN-00357,LOUNGE  PRICELIST- AUG26.pdf,lounge,10,Milos (Ar),"₹33,000",33000,MILOS (AR) : 33000/-
FURN-00358,LOUNGE  PRICELIST- AUG26.pdf,lounge,10,Ferrara,"₹44,000",44000,FERRARA : 44000/-
FURN-00359,LOUNGE  PRICELIST- AUG26.pdf,lounge,10,Sorrento,"₹34,000",34000,SORRENTO : 34000/-
FURN-00360,LOUNGE  PRICELIST- AUG26.pdf,lounge,11,Burano,"₹28,000",28000,BURANO : 28000/-
FURN-00361,LOUNGE  PRICELIST- AUG26.pdf,lounge,11,Carnival,"₹36,000",36000,CARNIVAL : 36000/-
FURN-00362,LOUNGE  PRICELIST- AUG26.pdf,lounge,11,London,"₹21,000",21000,LONDON : 21000/-
FURN-00363,LOUNGE  PRICELIST- AUG26.pdf,lounge,11,Jamaica,"₹24,500",24500,JAMAICA : 24500/-
FURN-00364,LOUNGE  PRICELIST- AUG26.pdf,lounge,12,Athens (R),"₹38,000",38000,ATHENS (R) : 38000/-
FURN-00365,LOUNGE  PRICELIST- AUG26.pdf,lounge,12,Edinburg,"₹36,000",36000,EDINBURG : 36000/-
FURN-00366,LOUNGE  PRICELIST- AUG26.pdf,lounge,12,Sumo  - 21,₹0,0,SUMO  - 21000/-
FURN-00367,LOUNGE  PRICELIST- AUG26.pdf,lounge,12,Knoll (Fix),"₹13,400",13400,KNOLL (FIX) : 13400/-
FURN-00368,LOUNGE  PRICELIST- AUG26.pdf,lounge,13,Amalfi - 56,₹0,0,AMALFI - 56000/-
FURN-00369,LOUNGE  PRICELIST- AUG26.pdf,lounge,13,Lexus - 64,₹0,0,LEXUS - 64000/-
FURN-00370,LOUNGE  PRICELIST- AUG26.pdf,lounge,13,Milano - 46,₹0,0,MILANO - 46000/-
FURN-00371,LOUNGE  PRICELIST- AUG26.pdf,lounge,13,Swing,"₹46,000",46000,SWING : 46000/-
FURN-00372,LOUNGE  PRICELIST- AUG26.pdf,lounge,14,Gemini,"₹26,000",26000,GEMINI : 26000/-
FURN-00373,LOUNGE  PRICELIST- AUG26.pdf,lounge,14,Capri,"₹15,500",15500,CAPRI : 15500/-
FURN-00374,LOUNGE  PRICELIST- AUG26.pdf,lounge,14,Rome,"₹33,000",33000,ROME : 33000/-
FURN-00375,LOUNGE  PRICELIST- AUG26.pdf,lounge,14,Caviana,"₹36,000",36000,CAVIANA : 36000/-
FURN-00376,LOUNGE  PRICELIST- AUG26.pdf,lounge,15,Lawson Hb Black,"₹21,500",21500,LAWSON HB BLACK : 21500/-
FURN-00377,LOUNGE  PRICELIST- AUG26.pdf,lounge,15,Samson,"₹13,000",13000,SAMSON : 13000/-
FURN-00378,LOUNGE  PRICELIST- AUG26.pdf,lounge,15,Lawson Mb Black,"₹19,000",19000,LAWSON MB BLACK : 19000/-
FURN-00379,LOUNGE  PRICELIST- AUG26.pdf,lounge,15,Tucson,"₹12,000",12000,TUCSON : 12000/-
FURN-00380,LOUNGE  PRICELIST- AUG26.pdf,lounge,16,Siam Wood,"₹15,300",15300,SIAM WOOD : 15300/-
FURN-00381,LOUNGE  PRICELIST- AUG26.pdf,lounge,16,Siam Apex,"₹21,000",21000,SIAM APEX : 21000/-
FURN-00382,LOUNGE  PRICELIST- AUG26.pdf,lounge,16,Siam Aluminium,"₹14,800",14800,SIAM ALUMINIUM : 14800/-
FURN-00383,LOUNGE  PRICELIST- AUG26.pdf,lounge,16,Siam Crest,"₹16,500",16500,SIAM CREST : 16500/-
FURN-00384,LOUNGE  PRICELIST- AUG26.pdf,lounge,17,Barbados,"₹14,000",14000,BARBADOS : 14000/-
FURN-00385,LOUNGE  PRICELIST- AUG26.pdf,lounge,17,Kiwis,"₹12,000",12000,KIWIS : 12000/-
FURN-00386,LOUNGE  PRICELIST- AUG26.pdf,lounge,17,Prince,"₹24,000",24000,PRINCE : 24000/-
FURN-00387,LOUNGE  PRICELIST- AUG26.pdf,lounge,17,Paris - 23,₹0,0,PARIS - 23000/-
FURN-00388,LOUNGE  PRICELIST- AUG26.pdf,lounge,18,Siam 4 Star,"₹11,600",11600,SIAM 4 STAR : 11600/-
FURN-00389,LOUNGE  PRICELIST- AUG26.pdf,lounge,18,Star Blk 4 Star,"₹11,500",11500,STAR BLK 4 STAR : 11500/-
FURN-00390,LOUNGE  PRICELIST- AUG26.pdf,lounge,18,Terano,"₹14,500",14500,TERANO : 14500/-
FURN-00391,LOUNGE  PRICELIST- AUG26.pdf,lounge,18,Espana,"₹10,500",10500,ESPANA : 10500/-
FURN-00392,LOUNGE  PRICELIST- AUG26.pdf,lounge,18,Espana (Ind),"₹10,500",10500,ESPANA (IND) : 10500/-
FURN-00393,LOUNGE  PRICELIST- AUG26.pdf,lounge,19,Abira (F),"₹9,400",9400,ABIRA (F) : 9400/-
FURN-00394,LOUNGE  PRICELIST- AUG26.pdf,lounge,19,Alex (F),"₹9,800",9800,ALEX (F) : 9800/-
FURN-00395,LOUNGE  PRICELIST- AUG26.pdf,lounge,19,Star (F),"₹9,900",9900,STAR (F) : 9900/-
FURN-00396,LOUNGE  PRICELIST- AUG26.pdf,lounge,19,Andros,"₹19,000",19000,ANDROS : 19000/-
FURN-00397,LOUNGE  PRICELIST- AUG26.pdf,lounge,20,Knoll (Rev.),"₹13,200",13200,KNOLL (REV.) : 13200/-
FURN-00398,LOUNGE  PRICELIST- AUG26.pdf,lounge,20,Boston,"₹12,250",12250,BOSTON : 12250/-
FURN-00399,LOUNGE  PRICELIST- AUG26.pdf,lounge,20,Alex Rev.,"₹11,000",11000,ALEX REV. : 11000/-
FURN-00400,LOUNGE  PRICELIST- AUG26.pdf,lounge,20,Kiwis Rev. - 11,₹0,0,KIWIS REV. - 11000/-
FURN-00401,LOUNGE  PRICELIST- AUG26.pdf,lounge,21,Sofia,"₹13,000",13000,SOFIA : 13000/-
FURN-00402,LOUNGE  PRICELIST- AUG26.pdf,lounge,21,Abira Rev.,"₹10,850",10850,ABIRA REV. : 10850/-
FURN-00403,LOUNGE  PRICELIST- AUG26.pdf,lounge,21,Stefano,"₹15,500",15500,STEFANO : 15500/-
FURN-00404,LOUNGE  PRICELIST- AUG26.pdf,lounge,21,Royal Espana,"₹12,500",12500,ROYAL ESPANA : 12500/-
FURN-00405,LOUNGE  PRICELIST- AUG26.pdf,lounge,22,Luv,"₹13,000",13000,LUV : 13000/-
FURN-00406,LOUNGE  PRICELIST- AUG26.pdf,lounge,22,Dayton,"₹15,500",15500,DAYTON : 15500/-
FURN-00407,LOUNGE  PRICELIST- AUG26.pdf,lounge,22,Toledo,"₹13,800",13800,TOLEDO : 13800/-
FURN-00408,LOUNGE  PRICELIST- AUG26.pdf,lounge,22,Swan,"₹10,400",10400,SWAN : 10400/-
FURN-00409,LOUNGE  PRICELIST- AUG26.pdf,lounge,23,Sorrento With Footrest,"₹54,000",54000,SORRENTO WITH FOOTREST : 54000/-
FURN-00410,LOUNGE  PRICELIST- AUG26.pdf,lounge,23,L - 92,₹0,0,LAZY BOY SET : L - 92000/- | PU - 64000/-
FURN-00411,LOUNGE  PRICELIST- AUG26.pdf,lounge,24,Carnival With Footrest,"₹54,000",54000,CARNIVAL WITH FOOTREST : 54000/-
FURN-00412,LOUNGE  PRICELIST- AUG26.pdf,lounge,24,Italiano With Footrest,"₹60,000",60000,ITALIANO WITH FOOTREST : 60000/-
FURN-00413,LOUNGE  PRICELIST- AUG26.pdf,lounge,25,Enigma With Footrest,"₹72,000",72000,ENIGMA WITH FOOTREST : 72000/-
FURN-00414,LOUNGE  PRICELIST- AUG26.pdf,lounge,25,Prince With Footrest,"₹38,000",38000,PRINCE WITH FOOTREST : 38000/-
FURN-00415,LOUNGE  PRICELIST- AUG26.pdf,lounge,26,Sasaski With Footrest,"₹60,000",60000,SASASKI WITH FOOTREST : 60000/-
FURN-00416,LOUNGE  PRICELIST- AUG26.pdf,lounge,26,Bern With Footrest,"₹59,000",59000,BERN WITH FOOTREST : 59000/-
FURN-00417,LOUNGE  PRICELIST- AUG26.pdf,lounge,27,London With Footrest,"₹32,000",32000,LONDON WITH FOOTREST : 32000/-
FURN-00418,LOUNGE  PRICELIST- AUG26.pdf,lounge,27,Crystal With Footrest,"₹56,000",56000,CRYSTAL WITH FOOTREST : 56000/-
FURN-00419,LOUNGE  PRICELIST- AUG26.pdf,lounge,28,49,₹500,500,49500/-
FURN-00420,LOUNGE  PRICELIST- AUG26.pdf,lounge,29,41,₹0,0,41000/-
FURN-00421,LOUNGE  PRICELIST- AUG26.pdf,lounge,30,My Chair My Pride,Price on Request,0,MY CHAIR MY PRIDE | All PricesareEx-Warehouse | Price on Request
FURN-00422,PRINCE PRICELIST- AUG26.pdf,prince,1,Prince,"₹2,026",2026,"PRINCE | CHAIRS | ₹2,026"
FURN-00423,PRINCE PRICELIST- AUG26.pdf,prince,2,Quartz,"₹34,000",34000,"QUARTZ | SCULPTED COMFORT | ₹34,000"
FURN-00424,PRINCE PRICELIST- AUG26.pdf,prince,3,Paradox,₹700,700,Paradox | Where form meets freedom | ₹700
FURN-00425,PRINCE PRICELIST- AUG26.pdf,prince,4,Ferrari,₹770,770,Ferrari | Modern comfort. | ₹770
FURN-00426,PRINCE PRICELIST- AUG26.pdf,prince,5,Valour,₹610,610,Valour | Bold in form. | ₹610
FURN-00427,PRINCE PRICELIST- AUG26.pdf,prince,6,Div,₹720,720,DIV | Soho | ₹720
FURN-00428,PRINCE PRICELIST- AUG26.pdf,prince,7,R S,₹740,740,R S | TIAGO | ₹740
FURN-00429,PRINCE PRICELIST- AUG26.pdf,prince,8,Allure,₹700,700,Allure | LOUNGECHAIR | ₹700
FURN-00430,PRINCE PRICELIST- AUG26.pdf,prince,9,Pebble,"₹29,000",29000,"PEBBLE | Soft curves. | ₹29,000"
FURN-00431,PRINCE PRICELIST- AUG26.pdf,prince,10,Hairs,₹800,800,HAIRS | Crafty | ₹800
FURN-00432,PRINCE PRICELIST- AUG26.pdf,prince,11,Cha,₹700,700,CHA | MARINA | ₹700
FURN-00433,PRINCE PRICELIST- AUG26.pdf,prince,12,Osaka,₹800,800,Osaka | Sculpted comfort. | ₹800
FURN-00434,PRINCE PRICELIST- AUG26.pdf,prince,13,Chairs,₹600,600,CHAIRS | azzura | ₹600
FURN-00435,PRINCE PRICELIST- AUG26.pdf,prince,14,Cassina,₹700,700,Cassina | VINE | ₹700
FURN-00436,PRINCE PRICELIST- AUG26.pdf,prince,15,Meraki,₹640,640,MERAKI | LOUNGE CHAIR | ₹640
FURN-00437,PRINCE PRICELIST- AUG26.pdf,prince,16,Chair,₹700,700,CHAIR | SCORPIO | ₹700
FURN-00438,PRINCE PRICELIST- AUG26.pdf,prince,17,Tiesto,₹750,750,TIESTO | CHAIRS | ₹750
FURN-00439,PRINCE PRICELIST- AUG26.pdf,prince,18,Ivine,₹840,840,IVINE | Avita | ₹840
FURN-00440,PRINCE PRICELIST- AUG26.pdf,prince,19,Temple,₹840,840,temple | Chic in form. | ₹840
FURN-00441,PRINCE PRICELIST- AUG26.pdf,prince,20,June,₹970,970,June | Comfort that inspires. | ₹970
FURN-00442,PRINCE PRICELIST- AUG26.pdf,prince,21,Rolf,₹710,710,Rolf | Modern comfort. | ₹710
FURN-00443,PRINCE PRICELIST- AUG26.pdf,prince,22,Symphony,₹680,680,Symphony | Modern comfort. | ₹680
FURN-00444,PRINCE PRICELIST- AUG26.pdf,prince,23,Lancer,₹700,700,Lancer | Sleek design. | ₹700
FURN-00445,PRINCE PRICELIST- AUG26.pdf,prince,24,Zara,₹740,740,Zara | Comfort that inspires | ₹740
FURN-00446,PRINCE PRICELIST- AUG26.pdf,prince,25,Zara,₹680,680,Zara | CHAI | ₹680
FURN-00447,PRINCE PRICELIST- AUG26.pdf,prince,26,Ivine,₹850,850,IVINE | oxy | ₹850
FURN-00448,PRINCE PRICELIST- AUG26.pdf,prince,27,Vine,₹840,840,VINE | Finista | ₹840
FURN-00449,PRINCE PRICELIST- AUG26.pdf,prince,28,Ethan,₹640,640,Ethan | Sculpted comfort. | ₹640
FURN-00450,PRINCE PRICELIST- AUG26.pdf,prince,29,Vine,₹700,700,VINE | Antonia | ₹700
FURN-00451,PRINCE PRICELIST- AUG26.pdf,prince,30,Mackanzy,₹640,640,Mackanzy | Modern comfort. | ₹640
FURN-00452,PRINCE PRICELIST- AUG26.pdf,prince,31,Ivine,₹710,710,IVINE | mustang | ₹710
FURN-00453,PRINCE PRICELIST- AUG26.pdf,prince,32,Ine,₹710,710,INE | CHA | ₹710
FURN-00454,PRINCE PRICELIST- AUG26.pdf,prince,33,Chair,Price on Request,0,CHAIR | MY CHAIRMY PRIDE | Price on Request
FURN-00455,RECLINER  PRICELIST- AUG26.pdf,recliner,1,Recliner,"₹2,026",2026,"RECLINER | RUR | ₹2,026"
FURN-00456,RECLINER  PRICELIST- AUG26.pdf,recliner,2,M.R.P.,"₹82,000",82000,"M.R.P. : 82,000/-"
FURN-00457,RECLINER  PRICELIST- AUG26.pdf,recliner,3,M.R.P.,"₹92,000",92000,"M.R.P. : 92,000/-"
FURN-00458,RECLINER  PRICELIST- AUG26.pdf,recliner,4,M.R.P.,"₹92,000",92000,"M.R.P. : 92,000/-"
FURN-00459,RECLINER  PRICELIST- AUG26.pdf,recliner,5,M.R.P.,"₹63,000",63000,"M.R.P. : 63,000/-"
FURN-00460,RECLINER  PRICELIST- AUG26.pdf,recliner,6,"1,20,",₹0,0,"M.R.P. : 1,20,000/-"
FURN-00461,RECLINER  PRICELIST- AUG26.pdf,recliner,7,M.R.P.,"₹38,500",38500,"M.R.P. : 38,500/-"
FURN-00462,RECLINER  PRICELIST- AUG26.pdf,recliner,8,M.R.P.,"₹86,000",86000,"M.R.P. : 86,000/-"
FURN-00463,RECLINER  PRICELIST- AUG26.pdf,recliner,9,M.R.P.,"₹96,000",96000,"M.R.P. : 96,000/-"
FURN-00464,RECLINER  PRICELIST- AUG26.pdf,recliner,10,M.R.P.,"₹86,000",86000,"M.R.P. : 86,000/-"
FURN-00465,RECLINER  PRICELIST- AUG26.pdf,recliner,11,M.R.P.,"₹49,000",49000,"M.R.P. : 49,000/-"
FURN-00466,RECLINER  PRICELIST- AUG26.pdf,recliner,12,M.R.P.,"₹68,000",68000,"M.R.P. : 68,000/-"
FURN-00467,RECLINER  PRICELIST- AUG26.pdf,recliner,13,Chairs,Price on Request,0,CHAIRS | MY CHAIR MY PRIDE | Price on Request
FURN-00468,TABLE & STAND PRICELIST-AUG26.pdf,tables,1,Table & Stand,"₹2,026",2026,"TABLE & STAND | CHAIRS | ₹2,026"
FURN-00469,TABLE & STAND PRICELIST-AUG26.pdf,tables,2,1920 X,₹390,390,1920 X 390
FURN-00470,TABLE & STAND PRICELIST-AUG26.pdf,tables,2,120,₹0,0,120000/-
FURN-00471,TABLE & STAND PRICELIST-AUG26.pdf,tables,2,Xm,₹18,18,XM 018
FURN-00472,TABLE & STAND PRICELIST-AUG26.pdf,tables,2,50,₹0,0,50000/-
FURN-00473,TABLE & STAND PRICELIST-AUG26.pdf,tables,2,75,₹0,0,75000/-
FURN-00474,TABLE & STAND PRICELIST-AUG26.pdf,tables,3,Wt,₹300,300,WT 300
FURN-00475,TABLE & STAND PRICELIST-AUG26.pdf,tables,3,104,₹0,0,104000/-
FURN-00476,TABLE & STAND PRICELIST-AUG26.pdf,tables,3,Fd,₹402,402,FD 402
FURN-00477,TABLE & STAND PRICELIST-AUG26.pdf,tables,3,70,₹0,0,70000/-
FURN-00478,TABLE & STAND PRICELIST-AUG26.pdf,tables,3,Bht,₹103,103,BHT 103
FURN-00479,TABLE & STAND PRICELIST-AUG26.pdf,tables,3,70,₹0,0,70000/-
FURN-00480,TABLE & STAND PRICELIST-AUG26.pdf,tables,3,Fyx,₹402,402,FYX 402
FURN-00481,TABLE & STAND PRICELIST-AUG26.pdf,tables,3,54,₹0,0,54000/-
FURN-00482,TABLE & STAND PRICELIST-AUG26.pdf,tables,4,360 &,₹600,600,900*360 & 600*460
FURN-00483,TABLE & STAND PRICELIST-AUG26.pdf,tables,4,68,₹0,0,68000/-
FURN-00484,TABLE & STAND PRICELIST-AUG26.pdf,tables,4,300 &,₹500,500,900*300 & 500*500
FURN-00485,TABLE & STAND PRICELIST-AUG26.pdf,tables,4,75,₹0,0,75000/-
FURN-00486,TABLE & STAND PRICELIST-AUG26.pdf,tables,4,330 &,₹450,450,1000*800*330 & 450*550*400
FURN-00487,TABLE & STAND PRICELIST-AUG26.pdf,tables,4,68,₹0,0,68000/-
FURN-00488,TABLE & STAND PRICELIST-AUG26.pdf,tables,4,300 &,₹600,600,1000*300 & 600*400
FURN-00489,TABLE & STAND PRICELIST-AUG26.pdf,tables,4,68,₹0,0,68000/-
FURN-00490,TABLE & STAND PRICELIST-AUG26.pdf,tables,4,320 &,₹520,520,850*320 & 520*430
FURN-00491,TABLE & STAND PRICELIST-AUG26.pdf,tables,4,42,₹0,0,42000/-
FURN-00492,TABLE & STAND PRICELIST-AUG26.pdf,tables,4,Cj1,₹135,135,CJ1135AB
FURN-00493,TABLE & STAND PRICELIST-AUG26.pdf,tables,4,84,₹0,0,84000/-
FURN-00494,TABLE & STAND PRICELIST-AUG26.pdf,tables,5,44,₹500,500,44500/-
FURN-00495,TABLE & STAND PRICELIST-AUG26.pdf,tables,5,330 &,₹500,500,1300*700*330 & 500*400*440
FURN-00496,TABLE & STAND PRICELIST-AUG26.pdf,tables,5,105,₹0,0,105000/-
FURN-00497,TABLE & STAND PRICELIST-AUG26.pdf,tables,5,380 &,₹550,550,1160*850*380 & 550*480
FURN-00498,TABLE & STAND PRICELIST-AUG26.pdf,tables,5,38,₹0,0,38000/-
FURN-00499,TABLE & STAND PRICELIST-AUG26.pdf,tables,5,62,₹0,0,62000/-
FURN-00500,TABLE & STAND PRICELIST-AUG26.pdf,tables,5,36,₹0,0,36000/-
FURN-00501,TABLE & STAND PRICELIST-AUG26.pdf,tables,5,800 X 300 & 545 X,₹360,360,800 X 300 & 545 X 360
FURN-00502,TABLE & STAND PRICELIST-AUG26.pdf,tables,5,48,₹0,0,48000/-
FURN-00503,TABLE & STAND PRICELIST-AUG26.pdf,tables,6,Cj,₹943,943,CJ 943 A & B
FURN-00504,TABLE & STAND PRICELIST-AUG26.pdf,tables,6,300 /,₹950,950,950*425*300 / 950*425*350
FURN-00505,TABLE & STAND PRICELIST-AUG26.pdf,tables,6,135,₹0,0,135000/-
FURN-00506,TABLE & STAND PRICELIST-AUG26.pdf,tables,6,Yb,₹257,257,YB 257
FURN-00507,TABLE & STAND PRICELIST-AUG26.pdf,tables,6,220 &,₹800,800,1300*700*220 & 800*900*350
FURN-00508,TABLE & STAND PRICELIST-AUG26.pdf,tables,6,78,₹0,0,78000/-
FURN-00509,TABLE & STAND PRICELIST-AUG26.pdf,tables,6,410 /,₹540,540,1240*650*410 / 540*510
FURN-00510,TABLE & STAND PRICELIST-AUG26.pdf,tables,6,31,₹0,0,31000/-
FURN-00511,TABLE & STAND PRICELIST-AUG26.pdf,tables,6,Cj,₹791,791,CJ 791 C & D (Set of 2 only)
FURN-00512,TABLE & STAND PRICELIST-AUG26.pdf,tables,6,300 /,₹600,600,950*950*300 / 600*550
FURN-00513,TABLE & STAND PRICELIST-AUG26.pdf,tables,6,105,₹0,0,105000/-
FURN-00514,TABLE & STAND PRICELIST-AUG26.pdf,tables,6,Yb 2,₹530,530,YB 2530
FURN-00515,TABLE & STAND PRICELIST-AUG26.pdf,tables,6,300 /,₹500,500,900*900*300 / 500*500*400
FURN-00516,TABLE & STAND PRICELIST-AUG26.pdf,tables,6,68,₹0,0,68000/-
FURN-00517,TABLE & STAND PRICELIST-AUG26.pdf,tables,6,350 /,₹500,500,850*850*350 / 500*500*460
FURN-00518,TABLE & STAND PRICELIST-AUG26.pdf,tables,6,64,₹0,0,64000/-
FURN-00519,TABLE & STAND PRICELIST-AUG26.pdf,tables,7,40,₹0,0,40000/-
FURN-00520,TABLE & STAND PRICELIST-AUG26.pdf,tables,7,360 &,₹700,700,900*900*360 & 700*700*450
FURN-00521,TABLE & STAND PRICELIST-AUG26.pdf,tables,7,42,₹0,0,42000/-
FURN-00522,TABLE & STAND PRICELIST-AUG26.pdf,tables,7,330 &,₹673,673,1340*812*330 & 673*444*430
FURN-00523,TABLE & STAND PRICELIST-AUG26.pdf,tables,7,56,₹0,0,56000/-
FURN-00524,TABLE & STAND PRICELIST-AUG26.pdf,tables,7,400 /,₹580,580,900*400 / 580*500
FURN-00525,TABLE & STAND PRICELIST-AUG26.pdf,tables,7,65,₹0,0,65000/-
FURN-00526,TABLE & STAND PRICELIST-AUG26.pdf,tables,7,52,₹0,0,52000/-
FURN-00527,TABLE & STAND PRICELIST-AUG26.pdf,tables,7,60,₹0,0,60000/-
FURN-00528,TABLE & STAND PRICELIST-AUG26.pdf,tables,8,Yb,₹247,247,YB 247
FURN-00529,TABLE & STAND PRICELIST-AUG26.pdf,tables,8,350 /,₹500,500,1200*800*350 /  500*500*450
FURN-00530,TABLE & STAND PRICELIST-AUG26.pdf,tables,8,75,₹0,0,75000/-
FURN-00531,TABLE & STAND PRICELIST-AUG26.pdf,tables,8,Sc,₹178,178,Sc178
FURN-00532,TABLE & STAND PRICELIST-AUG26.pdf,tables,8,430 /,₹600,600,900*430 / 600*340
FURN-00533,TABLE & STAND PRICELIST-AUG26.pdf,tables,8,44,₹0,0,44000/-
FURN-00534,TABLE & STAND PRICELIST-AUG26.pdf,tables,8,Yb,₹241,241,YB 241
FURN-00535,TABLE & STAND PRICELIST-AUG26.pdf,tables,8,300 /,₹600,600,1000*1000*300 / 600*600*420
FURN-00536,TABLE & STAND PRICELIST-AUG26.pdf,tables,8,68,₹0,0,68000/-
FURN-00537,TABLE & STAND PRICELIST-AUG26.pdf,tables,8,Sc,₹185,185,SC 185
FURN-00538,TABLE & STAND PRICELIST-AUG26.pdf,tables,8,400 /,₹600,600,850*800*400 / 600*600*500
FURN-00539,TABLE & STAND PRICELIST-AUG26.pdf,tables,8,62,₹0,0,62000/-
FURN-00540,TABLE & STAND PRICELIST-AUG26.pdf,tables,8,58,₹0,0,58000/-
FURN-00541,TABLE & STAND PRICELIST-AUG26.pdf,tables,8,70,₹0,0,70000/-
FURN-00542,TABLE & STAND PRICELIST-AUG26.pdf,tables,9,812 &,₹812,812,812 & 812B SET
FURN-00543,TABLE & STAND PRICELIST-AUG26.pdf,tables,9,430 &,₹600,600,800*430 & 600*500
FURN-00544,TABLE & STAND PRICELIST-AUG26.pdf,tables,9,32,₹0,0,32000/-
FURN-00545,TABLE & STAND PRICELIST-AUG26.pdf,tables,9,400H &,₹500,500,900*400h & 500*500h
FURN-00546,TABLE & STAND PRICELIST-AUG26.pdf,tables,9,55,₹0,0,55000/-
FURN-00547,TABLE & STAND PRICELIST-AUG26.pdf,tables,9,Sc,₹36,36,Sc036
FURN-00548,TABLE & STAND PRICELIST-AUG26.pdf,tables,9,450H &,₹600,600,800*450h & 600*350h
FURN-00549,TABLE & STAND PRICELIST-AUG26.pdf,tables,9,37,₹0,0,37000/-
FURN-00550,TABLE & STAND PRICELIST-AUG26.pdf,tables,9,Sc,₹24,24,SC 024
FURN-00551,TABLE & STAND PRICELIST-AUG26.pdf,tables,9,450 H &,₹600,600,800*450 h & 600*380 h (Wht/Blk)
FURN-00552,TABLE & STAND PRICELIST-AUG26.pdf,tables,9,29,₹0,0,29000/-
FURN-00553,TABLE & STAND PRICELIST-AUG26.pdf,tables,9,390 &,₹550,550,800*390 & 550*480
FURN-00554,TABLE & STAND PRICELIST-AUG26.pdf,tables,9,38,₹0,0,38000/-
FURN-00555,TABLE & STAND PRICELIST-AUG26.pdf,tables,9,290 &,₹600,600,900*290 & 600*450
FURN-00556,TABLE & STAND PRICELIST-AUG26.pdf,tables,9,42,₹0,0,42000/-
FURN-00557,TABLE & STAND PRICELIST-AUG26.pdf,tables,9,410 &,₹570,570,880*410 & 570*470
FURN-00558,TABLE & STAND PRICELIST-AUG26.pdf,tables,9,75,₹0,0,75000/-
FURN-00559,TABLE & STAND PRICELIST-AUG26.pdf,tables,9,410 &,₹515,515,760*410 & 515*490
FURN-00560,TABLE & STAND PRICELIST-AUG26.pdf,tables,9,44,₹0,0,44000/-
FURN-00561,TABLE & STAND PRICELIST-AUG26.pdf,tables,9,380 &,₹520,520,820*380 & 520*490
FURN-00562,TABLE & STAND PRICELIST-AUG26.pdf,tables,9,44,₹0,0,44000/-
FURN-00563,TABLE & STAND PRICELIST-AUG26.pdf,tables,10,380 &,₹500,500,900*380 & 500*450
FURN-00564,TABLE & STAND PRICELIST-AUG26.pdf,tables,10,40,₹0,0,40000/-
FURN-00565,TABLE & STAND PRICELIST-AUG26.pdf,tables,10,400 &,₹500,500,800*400 & 500*500
FURN-00566,TABLE & STAND PRICELIST-AUG26.pdf,tables,10,46,₹0,0,46000/-
FURN-00567,TABLE & STAND PRICELIST-AUG26.pdf,tables,10,420 &,₹590,590,790*420 & 590*500
FURN-00568,TABLE & STAND PRICELIST-AUG26.pdf,tables,10,17,₹500,500,17500/-
FURN-00569,TABLE & STAND PRICELIST-AUG26.pdf,tables,10,300 &,₹600,600,1000*1000*300 & 600*470
FURN-00570,TABLE & STAND PRICELIST-AUG26.pdf,tables,10,75,₹0,0,75000/-
FURN-00571,TABLE & STAND PRICELIST-AUG26.pdf,tables,10,420 &,₹590,590,790*420 & 590*500
FURN-00572,TABLE & STAND PRICELIST-AUG26.pdf,tables,10,21,₹0,0,21000/-
FURN-00573,TABLE & STAND PRICELIST-AUG26.pdf,tables,10,Yb,₹265,265,YB 265
FURN-00574,TABLE & STAND PRICELIST-AUG26.pdf,tables,10,1200 X 750 X,₹350,350,1200 x 750 x 350 | 600 x 430 x360
FURN-00575,TABLE & STAND PRICELIST-AUG26.pdf,tables,10,45,₹0,0,45000/-
FURN-00576,TABLE & STAND PRICELIST-AUG26.pdf,tables,10,1000 X,₹400,400,1000 x 400 | 580 x 450
FURN-00577,TABLE & STAND PRICELIST-AUG26.pdf,tables,10,44,₹0,0,44000/-
FURN-00578,TABLE & STAND PRICELIST-AUG26.pdf,tables,10,960 X,₹350,350,960 x 350 |  770 x 270
FURN-00579,TABLE & STAND PRICELIST-AUG26.pdf,tables,10,40,₹0,0,40000/-
FURN-00580,TABLE & STAND PRICELIST-AUG26.pdf,tables,10,330 &,₹550,550,900*330 & 550*420
FURN-00581,TABLE & STAND PRICELIST-AUG26.pdf,tables,10,39,₹0,0,39000/-
FURN-00582,TABLE & STAND PRICELIST-AUG26.pdf,tables,11,Ct,₹826,826,CT 826
FURN-00583,TABLE & STAND PRICELIST-AUG26.pdf,tables,11,1400 X 725 X,₹400,400,1400 X 725 X 400
FURN-00584,TABLE & STAND PRICELIST-AUG26.pdf,tables,11,40,₹0,0,40000/-
FURN-00585,TABLE & STAND PRICELIST-AUG26.pdf,tables,11,1360 X 720 X,₹400,400,1360 X 720 X 400
FURN-00586,TABLE & STAND PRICELIST-AUG26.pdf,tables,11,32,₹0,0,32000/-
FURN-00587,TABLE & STAND PRICELIST-AUG26.pdf,tables,11,Sc,₹130,130,Sc130
FURN-00588,TABLE & STAND PRICELIST-AUG26.pdf,tables,11,1300 X 700 X,₹450,450,1300 X 700 X 450
FURN-00589,TABLE & STAND PRICELIST-AUG26.pdf,tables,11,38,₹0,0,38000/-
FURN-00590,TABLE & STAND PRICELIST-AUG26.pdf,tables,11,42,₹0,0,42000/-
FURN-00591,TABLE & STAND PRICELIST-AUG26.pdf,tables,11,Cj,₹787,787,CJ 787 SET
FURN-00592,TABLE & STAND PRICELIST-AUG26.pdf,tables,11,350 & 1,₹400,400,1400*600*350 & 1400*400*300
FURN-00593,TABLE & STAND PRICELIST-AUG26.pdf,tables,11,88,₹0,0,88000/-
FURN-00594,TABLE & STAND PRICELIST-AUG26.pdf,tables,12,305 /,₹305,305,305 / 305 S
FURN-00595,TABLE & STAND PRICELIST-AUG26.pdf,tables,12,800 X 800 X,₹420,420,800 X 800 X 420 | 550 X 550 X 470
FURN-00596,TABLE & STAND PRICELIST-AUG26.pdf,tables,12,13,₹0,0,13000/- | 9500/-
FURN-00597,TABLE & STAND PRICELIST-AUG26.pdf,tables,12,800X420 & 600X,₹360,360,800x420 & 600x360
FURN-00598,TABLE & STAND PRICELIST-AUG26.pdf,tables,12,16,₹0,0,16000/-
FURN-00599,TABLE & STAND PRICELIST-AUG26.pdf,tables,12,22,₹0,0,22000/-
FURN-00600,TABLE & STAND PRICELIST-AUG26.pdf,tables,12,360 &,₹500,500,800*800*360 & 500*450
FURN-00601,TABLE & STAND PRICELIST-AUG26.pdf,tables,12,33,₹0,0,33000/-
FURN-00602,TABLE & STAND PRICELIST-AUG26.pdf,tables,12,Shs Set - 38,₹0,0,SHS SET - 38000/-
FURN-00603,TABLE & STAND PRICELIST-AUG26.pdf,tables,12,18,₹500,500,18500/-
FURN-00604,TABLE & STAND PRICELIST-AUG26.pdf,tables,12,29,₹0,0,29000/-
FURN-00605,TABLE & STAND PRICELIST-AUG26.pdf,tables,13,Cj,₹138,138,CJ 138C
FURN-00606,TABLE & STAND PRICELIST-AUG26.pdf,tables,13,26,₹0,0,26000/-
FURN-00607,TABLE & STAND PRICELIST-AUG26.pdf,tables,13,Cj 1,₹83,83,CJ 1083B
FURN-00608,TABLE & STAND PRICELIST-AUG26.pdf,tables,13,13,₹0,0,13000/-
FURN-00609,TABLE & STAND PRICELIST-AUG26.pdf,tables,13,14,₹0,0,14000/-
FURN-00610,TABLE & STAND PRICELIST-AUG26.pdf,tables,13,B 1,₹33,33,B 1033
FURN-00611,TABLE & STAND PRICELIST-AUG26.pdf,tables,13,13,₹0,0,13000/-
FURN-00612,TABLE & STAND PRICELIST-AUG26.pdf,tables,13,14,₹0,0,14000/-
FURN-00613,TABLE & STAND PRICELIST-AUG26.pdf,tables,13,17,₹0,0,17000/-
FURN-00614,TABLE & STAND PRICELIST-AUG26.pdf,tables,13,B1,₹35,35,B1035
FURN-00615,TABLE & STAND PRICELIST-AUG26.pdf,tables,13,14,₹0,0,14000/-
FURN-00616,TABLE & STAND PRICELIST-AUG26.pdf,tables,13,13,₹0,0,13000/-
FURN-00617,TABLE & STAND PRICELIST-AUG26.pdf,tables,13,B1,₹37,37,B1037 COPPER
FURN-00618,TABLE & STAND PRICELIST-AUG26.pdf,tables,13,12,₹0,0,12000/-
FURN-00619,TABLE & STAND PRICELIST-AUG26.pdf,tables,14,Sl,₹41,41,SL 041
FURN-00620,TABLE & STAND PRICELIST-AUG26.pdf,tables,14,23,₹0,0,23000/-
FURN-00621,TABLE & STAND PRICELIST-AUG26.pdf,tables,14,Sl,₹23,23,SL 023
FURN-00622,TABLE & STAND PRICELIST-AUG26.pdf,tables,14,16,₹0,0,16000/-
FURN-00623,TABLE & STAND PRICELIST-AUG26.pdf,tables,14,Sl,₹46,46,SL 046
FURN-00624,TABLE & STAND PRICELIST-AUG26.pdf,tables,14,14,₹500,500,14500/-
FURN-00625,TABLE & STAND PRICELIST-AUG26.pdf,tables,14,Sl,₹69,69,SL 069
FURN-00626,TABLE & STAND PRICELIST-AUG26.pdf,tables,14,23,₹0,0,23000/-
FURN-00627,TABLE & STAND PRICELIST-AUG26.pdf,tables,14,Sl,₹36,36,SL 036
FURN-00628,TABLE & STAND PRICELIST-AUG26.pdf,tables,14,15,₹500,500,15500/-
FURN-00629,TABLE & STAND PRICELIST-AUG26.pdf,tables,14,Sl,₹19,19,SL 019
FURN-00630,TABLE & STAND PRICELIST-AUG26.pdf,tables,14,14,₹500,500,14500/-
FURN-00631,TABLE & STAND PRICELIST-AUG26.pdf,tables,14,18,₹500,500,18500/-
FURN-00632,TABLE & STAND PRICELIST-AUG26.pdf,tables,14,14,₹500,500,14500/-
FURN-00633,TABLE & STAND PRICELIST-AUG26.pdf,tables,14,14,₹0,0,14000/-
FURN-00634,TABLE & STAND PRICELIST-AUG26.pdf,tables,15,Cj 1,₹118,118,CJ 1118B
FURN-00635,TABLE & STAND PRICELIST-AUG26.pdf,tables,15,450X480X,₹500,500,450x480x500
FURN-00636,TABLE & STAND PRICELIST-AUG26.pdf,tables,15,18,₹500,500,18500/-
FURN-00637,TABLE & STAND PRICELIST-AUG26.pdf,tables,15,Cj 1,₹35,35,CJ 1035B
FURN-00638,TABLE & STAND PRICELIST-AUG26.pdf,tables,15,550X400X,₹465,465,550x400x465
FURN-00639,TABLE & STAND PRICELIST-AUG26.pdf,tables,15,18,₹500,500,18500/-
FURN-00640,TABLE & STAND PRICELIST-AUG26.pdf,tables,15,Cj,₹809,809,CJ 809B
FURN-00641,TABLE & STAND PRICELIST-AUG26.pdf,tables,15,600X500X,₹500,500,600x500x500
FURN-00642,TABLE & STAND PRICELIST-AUG26.pdf,tables,15,18,₹500,500,18500/-
FURN-00643,TABLE & STAND PRICELIST-AUG26.pdf,tables,15,14,₹0,0,14000/-
FURN-00644,TABLE & STAND PRICELIST-AUG26.pdf,tables,15,14,₹0,0,14000/-
FURN-00645,TABLE & STAND PRICELIST-AUG26.pdf,tables,15,18,₹0,0,18000/-
FURN-00646,TABLE & STAND PRICELIST-AUG26.pdf,tables,15,B1,₹26,26,B1026
FURN-00647,TABLE & STAND PRICELIST-AUG26.pdf,tables,15,16,₹500,500,16500/-
FURN-00648,TABLE & STAND PRICELIST-AUG26.pdf,tables,15,B1,₹34,34,B1034 GOLD
FURN-00649,TABLE & STAND PRICELIST-AUG26.pdf,tables,15,16,₹0,0,16000/-
FURN-00650,TABLE & STAND PRICELIST-AUG26.pdf,tables,15,15,₹0,0,15000/-
FURN-00651,TABLE & STAND PRICELIST-AUG26.pdf,tables,16,380 X,₹550,550,380 X 550
FURN-00652,TABLE & STAND PRICELIST-AUG26.pdf,tables,16,Bj,₹21,21,BJ 021
FURN-00653,TABLE & STAND PRICELIST-AUG26.pdf,tables,16,450 X,₹500,500,450 X 500
FURN-00654,TABLE & STAND PRICELIST-AUG26.pdf,tables,16,16,₹0,0,16000/-
FURN-00655,TABLE & STAND PRICELIST-AUG26.pdf,tables,16,Ct,₹36,36,CT 036
FURN-00656,TABLE & STAND PRICELIST-AUG26.pdf,tables,16,500 X,₹500,500,500 X 500h
FURN-00657,TABLE & STAND PRICELIST-AUG26.pdf,tables,16,12,₹0,0,12000/-
FURN-00658,TABLE & STAND PRICELIST-AUG26.pdf,tables,16,500 X,₹580,580,500 X 580 h
FURN-00659,TABLE & STAND PRICELIST-AUG26.pdf,tables,16,11,₹500,500,11500/-
FURN-00660,TABLE & STAND PRICELIST-AUG26.pdf,tables,16,Ct,₹15,15,CT 015
FURN-00661,TABLE & STAND PRICELIST-AUG26.pdf,tables,16,500 X,₹500,500,500 X 500 h
FURN-00662,TABLE & STAND PRICELIST-AUG26.pdf,tables,16,11,₹500,500,11500/-
FURN-00663,TABLE & STAND PRICELIST-AUG26.pdf,tables,16,500 X,₹465,465,500 X 465
FURN-00664,TABLE & STAND PRICELIST-AUG26.pdf,tables,16,600 X 420 X,₹510,510,600 X 420 X 510
FURN-00665,TABLE & STAND PRICELIST-AUG26.pdf,tables,16,18,₹0,0,18000/-
FURN-00666,TABLE & STAND PRICELIST-AUG26.pdf,tables,16,Sl,₹11,11,SL 011
FURN-00667,TABLE & STAND PRICELIST-AUG26.pdf,tables,16,Ht Adj,₹700,700,HT ADJ 700*400*500-760
FURN-00668,TABLE & STAND PRICELIST-AUG26.pdf,tables,16,19,₹0,0,19000/-
FURN-00669,TABLE & STAND PRICELIST-AUG26.pdf,tables,17,12,₹0,0,12000/-
FURN-00670,TABLE & STAND PRICELIST-AUG26.pdf,tables,17,Sc,₹110,110,Sc110
FURN-00671,TABLE & STAND PRICELIST-AUG26.pdf,tables,17,15,₹0,0,15000/-
FURN-00672,TABLE & STAND PRICELIST-AUG26.pdf,tables,17,16,₹500,500,16500/-
FURN-00673,TABLE & STAND PRICELIST-AUG26.pdf,tables,17,14,₹0,0,14000/-
FURN-00674,TABLE & STAND PRICELIST-AUG26.pdf,tables,17,11,₹0,0,11000/-
FURN-00675,TABLE & STAND PRICELIST-AUG26.pdf,tables,17,Sc,₹114,114,Sc114
FURN-00676,TABLE & STAND PRICELIST-AUG26.pdf,tables,17,15,₹0,0,15000/-
FURN-00677,TABLE & STAND PRICELIST-AUG26.pdf,tables,17,Sc,₹75,75,Sc075
FURN-00678,TABLE & STAND PRICELIST-AUG26.pdf,tables,17,22,₹0,0,22000/- | 18000/-
FURN-00679,TABLE & STAND PRICELIST-AUG26.pdf,tables,18,16,₹0,0,16000/-
FURN-00680,TABLE & STAND PRICELIST-AUG26.pdf,tables,18,14,₹0,0,14000/- | 12000/-
FURN-00681,TABLE & STAND PRICELIST-AUG26.pdf,tables,18,18,₹0,0,18000/- | 15000/-
FURN-00682,TABLE & STAND PRICELIST-AUG26.pdf,tables,18,675 X 355 X,₹400,400,675 X 355 X 400 h
FURN-00683,TABLE & STAND PRICELIST-AUG26.pdf,tables,18,12,₹0,0,12000/-
FURN-00684,TABLE & STAND PRICELIST-AUG26.pdf,tables,18,Sl,₹68,68,SL 068
FURN-00685,TABLE & STAND PRICELIST-AUG26.pdf,tables,18,12,₹0,0,12000/-
FURN-00686,TABLE & STAND PRICELIST-AUG26.pdf,tables,19,St,₹57,57,ST 057
FURN-00687,TABLE & STAND PRICELIST-AUG26.pdf,tables,19,47,₹0,0,47000/-
FURN-00688,TABLE & STAND PRICELIST-AUG26.pdf,tables,19,St,₹59,59,ST 059
FURN-00689,TABLE & STAND PRICELIST-AUG26.pdf,tables,19,52,₹0,0,52000/-
FURN-00690,TABLE & STAND PRICELIST-AUG26.pdf,tables,19,St,₹46,46,ST 046
FURN-00691,TABLE & STAND PRICELIST-AUG26.pdf,tables,19,49,₹0,0,49000/-
FURN-00692,TABLE & STAND PRICELIST-AUG26.pdf,tables,19,St,₹29,29,ST 029
FURN-00693,TABLE & STAND PRICELIST-AUG26.pdf,tables,19,45,₹0,0,45000/-
FURN-00694,TABLE & STAND PRICELIST-AUG26.pdf,tables,20,St,₹18,18,ST 018
FURN-00695,TABLE & STAND PRICELIST-AUG26.pdf,tables,20,52,₹0,0,52000/-
FURN-00696,TABLE & STAND PRICELIST-AUG26.pdf,tables,20,St,₹6,6,ST 006
FURN-00697,TABLE & STAND PRICELIST-AUG26.pdf,tables,20,49,₹0,0,49000/-
FURN-00698,TABLE & STAND PRICELIST-AUG26.pdf,tables,20,Sth 4,₹101,101,STH 4101
FURN-00699,TABLE & STAND PRICELIST-AUG26.pdf,tables,20,51,₹0,0,51000/-
FURN-00700,TABLE & STAND PRICELIST-AUG26.pdf,tables,20,52,₹0,0,52000/-
FURN-00701,TABLE & STAND PRICELIST-AUG26.pdf,tables,21,Sd,₹103,103,SD 103 | 900Ø X 750 h
FURN-00702,TABLE & STAND PRICELIST-AUG26.pdf,tables,21,24,₹0,0,24000/- | 24000/-
FURN-00703,TABLE & STAND PRICELIST-AUG26.pdf,tables,21,16,₹0,0,16000/-
FURN-00704,TABLE & STAND PRICELIST-AUG26.pdf,tables,21,Sd,₹152,152,SD  152
FURN-00705,TABLE & STAND PRICELIST-AUG26.pdf,tables,21,24,₹0,0,24000/-
FURN-00706,TABLE & STAND PRICELIST-AUG26.pdf,tables,21,15,₹0,0,15000/-
FURN-00707,TABLE & STAND PRICELIST-AUG26.pdf,tables,21,All Season,₹800,800,All Season 800Ø X 750 h
FURN-00708,TABLE & STAND PRICELIST-AUG26.pdf,tables,21,14,₹0,0,14000/-
FURN-00709,TABLE & STAND PRICELIST-AUG26.pdf,tables,21,11,₹0,0,11000/-
FURN-00710,TABLE & STAND PRICELIST-AUG26.pdf,tables,21,800X800X,₹750,750,800X800X750h
FURN-00711,TABLE & STAND PRICELIST-AUG26.pdf,tables,21,1200X800X,₹750,750,1200X800X750h
FURN-00712,TABLE & STAND PRICELIST-AUG26.pdf,tables,21,14,₹0,0,14000/-
FURN-00713,TABLE & STAND PRICELIST-AUG26.pdf,tables,21,Sd,₹83,83,SD  083
FURN-00714,TABLE & STAND PRICELIST-AUG26.pdf,tables,21,55,₹0,0,55000/-
FURN-00715,TABLE & STAND PRICELIST-AUG26.pdf,tables,22,1200 X 600 X 1,₹50,50,1200 X 600 X 1050 h
FURN-00716,TABLE & STAND PRICELIST-AUG26.pdf,tables,22,14,₹500,500,14500/-
FURN-00717,TABLE & STAND PRICELIST-AUG26.pdf,tables,22,600 X 600 X 1,₹20,20,600 X 600 X 1020 h
FURN-00718,TABLE & STAND PRICELIST-AUG26.pdf,tables,22,600X600X1,₹50,50,600X600X1050 h
FURN-00719,TABLE & STAND PRICELIST-AUG26.pdf,tables,22,17,₹0,0,17000/-
FURN-00720,TABLE & STAND PRICELIST-AUG26.pdf,tables,22,12,₹0,0,12000/-
FURN-00721,TABLE & STAND PRICELIST-AUG26.pdf,tables,22,1500 X 600 X 1,₹50,50,1500 X 600 X 1050 h
FURN-00722,TABLE & STAND PRICELIST-AUG26.pdf,tables,22,26,₹0,0,26000/-
FURN-00723,TABLE & STAND PRICELIST-AUG26.pdf,tables,22,12,₹0,0,12000/- | 13500/-
FURN-00724,TABLE & STAND PRICELIST-AUG26.pdf,tables,22,12,₹500,500,12500/-
FURN-00725,TABLE & STAND PRICELIST-AUG26.pdf,tables,22,800 X 800 X,₹750,750,800 X 800 X 750 h
FURN-00726,TABLE & STAND PRICELIST-AUG26.pdf,tables,22,13,₹0,0,13000/-
FURN-00727,TABLE & STAND PRICELIST-AUG26.pdf,tables,22,Z 207 / Z,₹208,208,Z 207 / Z 208
FURN-00728,TABLE & STAND PRICELIST-AUG26.pdf,tables,22,1200 X 800 X,₹750,750,1200 X 800 X 750 | 800 X 800 X 750
FURN-00729,TABLE & STAND PRICELIST-AUG26.pdf,tables,22,15,₹0,0,15000/- | 12500/-
FURN-00730,TABLE & STAND PRICELIST-AUG26.pdf,tables,23,380 /500 X,₹725,725,380 /500 X 725 h
FURN-00731,TABLE & STAND PRICELIST-AUG26.pdf,tables,23,400/ 500/ 580/ 720 X,₹725,725,400/ 500/ 580/ 720 X 725 h
FURN-00732,TABLE & STAND PRICELIST-AUG26.pdf,tables,23,X 1,₹20,20,500 Ø X 1020 h
FURN-00733,TABLE & STAND PRICELIST-AUG26.pdf,tables,23,T-2,₹16,16,T-2016
FURN-00734,TABLE & STAND PRICELIST-AUG26.pdf,tables,23,520 X 520 X,₹725,725,520 X 520 X 725 h
FURN-00735,TABLE & STAND PRICELIST-AUG26.pdf,tables,23,700 X 700 X,₹725,725,700 X 700 X 725 h
FURN-00736,TABLE & STAND PRICELIST-AUG26.pdf,tables,23,Bl-,₹56,56,BL-056-5
FURN-00737,TABLE & STAND PRICELIST-AUG26.pdf,tables,23,10,₹500,500,10500/-
FURN-00738,TABLE & STAND PRICELIST-AUG26.pdf,tables,24,680 X 680 X,₹725,725,680 X 680 X 725 h
FURN-00739,TABLE & STAND PRICELIST-AUG26.pdf,tables,24,Jd,₹413,413,JD 413 (F)
FURN-00740,TABLE & STAND PRICELIST-AUG26.pdf,tables,24,680 X 680 X,₹725,725,680 X 680 X 725 h
FURN-00741,TABLE & STAND PRICELIST-AUG26.pdf,tables,24,750 X 750 X,₹725,725,750 X 750 X 725 h
FURN-00742,TABLE & STAND PRICELIST-AUG26.pdf,tables,24,11,₹0,0,11000/-
FURN-00743,TABLE & STAND PRICELIST-AUG26.pdf,tables,24,15,₹0,0,15000/-
FURN-00744,TABLE & STAND PRICELIST-AUG26.pdf,tables,24,450X450X,₹725,725,450X450X725h
FURN-00745,TABLE & STAND PRICELIST-AUG26.pdf,tables,24,400 X 700 X,₹725,725,400 X 700 X 725 h
FURN-00746,TABLE & STAND PRICELIST-AUG26.pdf,tables,24,Top Size 700 X,₹400,400,Top Size 700 X 400
FURN-00747,TABLE & STAND PRICELIST-AUG26.pdf,tables,25,Jd,₹104,104,JD 104  (F)
FURN-00748,TABLE & STAND PRICELIST-AUG26.pdf,tables,25,14,₹0,0,14000/-
FURN-00749,TABLE & STAND PRICELIST-AUG26.pdf,tables,25,400X700X,₹725,725,400X700X725h | 450X900X725h
FURN-00750,TABLE & STAND PRICELIST-AUG26.pdf,tables,25,12,₹0,0,8400/- | 12000/-
FURN-00751,TABLE & STAND PRICELIST-AUG26.pdf,tables,25,1200 X 700 X,₹720,720,1200 X 700 X 720 h
FURN-00752,TABLE & STAND PRICELIST-AUG26.pdf,tables,25,13,₹0,0,13000/-
FURN-00753,TABLE & STAND PRICELIST-AUG26.pdf,tables,25,18,₹0,0,18000/-
FURN-00754,TABLE & STAND PRICELIST-AUG26.pdf,tables,26,1150 X 680 X,₹725,725,1150 X 680 X 725H | 680 X 680 X 725
FURN-00755,TABLE & STAND PRICELIST-AUG26.pdf,tables,26,17,₹0,0,17000/- | 17500/-
FURN-00756,TABLE & STAND PRICELIST-AUG26.pdf,tables,26,13,₹500,500,13500/- | 15500/-
FURN-00757,TABLE & STAND PRICELIST-AUG26.pdf,tables,26,Bl,₹56,56,BL 056 - 3
FURN-00758,TABLE & STAND PRICELIST-AUG26.pdf,tables,26,2380 X 1180 X,₹725,725,2380 X 1180 X 725h
FURN-00759,TABLE & STAND PRICELIST-AUG26.pdf,tables,26,17,₹0,0,17000/-
FURN-00760,TABLE & STAND PRICELIST-AUG26.pdf,tables,27,Bl,₹1,1,BL 001
FURN-00761,TABLE & STAND PRICELIST-AUG26.pdf,tables,27,1180X600X,₹725,725,1180X600X725h|1780X780X725h
FURN-00762,TABLE & STAND PRICELIST-AUG26.pdf,tables,27,12,₹0,0,12000/- | 14000/-
FURN-00763,TABLE & STAND PRICELIST-AUG26.pdf,tables,27,Bl,₹56,56,BL 056 - 1
FURN-00764,TABLE & STAND PRICELIST-AUG26.pdf,tables,27,1480 X 580 X,₹725,725,1480 X 580 X 725h
FURN-00765,TABLE & STAND PRICELIST-AUG26.pdf,tables,27,11,₹500,500,11500/-
FURN-00766,TABLE & STAND PRICELIST-AUG26.pdf,tables,27,23,₹0,0,23000/-
FURN-00767,TABLE & STAND PRICELIST-AUG26.pdf,tables,28,-Chairs,Price on Request,0,-CHAIRS | MY CHAIR MY PRIDE | Price on Request
FURN-00768,WORKSTATION PRICELIST- AUG26.pdf,workstation,1,Workstation,"₹2,026",2026,"WORKSTATION |  | ₹2,026"
FURN-00769,WORKSTATION PRICELIST- AUG26.pdf,workstation,2,19,₹450,450,: 19450/-
FURN-00770,WORKSTATION PRICELIST- AUG26.pdf,workstation,2,- 18,₹500,500,- 18500/-
FURN-00771,WORKSTATION PRICELIST- AUG26.pdf,workstation,2,- 34,₹0,0,- 34000/-
FURN-00772,WORKSTATION PRICELIST- AUG26.pdf,workstation,2,13,₹500,500,: 13500/-
FURN-00773,WORKSTATION PRICELIST- AUG26.pdf,workstation,3,12,₹0,0,: 12000/-
FURN-00774,WORKSTATION PRICELIST- AUG26.pdf,workstation,3,- 13,₹500,500,- 13500/-
FURN-00775,WORKSTATION PRICELIST- AUG26.pdf,workstation,3,11,₹500,500,: 11500/-
FURN-00776,WORKSTATION PRICELIST- AUG26.pdf,workstation,3,- 12,₹500,500,- 12500/-
FURN-00777,WORKSTATION PRICELIST- AUG26.pdf,workstation,4,- 14,₹500,500,- 14500/-
FURN-00778,WORKSTATION PRICELIST- AUG26.pdf,workstation,4,- 8,₹500,500,- 8500/-
FURN-00779,WORKSTATION PRICELIST- AUG26.pdf,workstation,4,- 10,₹0,0,- 10000/-
FURN-00780,WORKSTATION PRICELIST- AUG26.pdf,workstation,5,10,₹0,0,: 10000/- | BLACK : 9000/-
FURN-00781,WORKSTATION PRICELIST- AUG26.pdf,workstation,5,13,₹750,750,: 13750/-
FURN-00782,WORKSTATION PRICELIST- AUG26.pdf,workstation,5,14,₹500,500,: 14500/-
FURN-00783,WORKSTATION PRICELIST- AUG26.pdf,workstation,5,Octa,"₹10,500",10500,OCTA : 10500/-
FURN-00784,WORKSTATION PRICELIST- AUG26.pdf,workstation,6,- 8,₹600,600,- 8600/-
FURN-00785,WORKSTATION PRICELIST- AUG26.pdf,workstation,6,- 7,₹300,300,- 7300/-
FURN-00786,WORKSTATION PRICELIST- AUG26.pdf,workstation,6,Eco,"₹10,000",10000,: ECO : 10000/-
FURN-00787,WORKSTATION PRICELIST- AUG26.pdf,workstation,6,Eco,"₹8,700",8700,: ECO : 8700/-
FURN-00788,WORKSTATION PRICELIST- AUG26.pdf,workstation,7,Workstation,"₹7,900",7900,"WORKSTATION | Glssflled rylon mesh back with fixed lumbar support &fabric seat. | ₹7,900"
FURN-00789,WORKSTATION PRICELIST- AUG26.pdf,workstation,8,11,₹500,500,: 11500/-
FURN-00790,WORKSTATION PRICELIST- AUG26.pdf,workstation,9,- 6,₹400,400,- 6400/-
FURN-00791,WORKSTATION PRICELIST- AUG26.pdf,workstation,9,- 6,₹800,800,- 6800/-
FURN-00792,WORKSTATION PRICELIST- AUG26.pdf,workstation,9,- 6,₹600,600,- 6600/-
FURN-00793,WORKSTATION PRICELIST- AUG26.pdf,workstation,9,- 6,₹200,200,- 6200/-
FURN-00794,WORKSTATION PRICELIST- AUG26.pdf,workstation,9,- 6,₹400,400,- 6400/-
FURN-00795,WORKSTATION PRICELIST- AUG26.pdf,workstation,9,- 5,₹700,700,- 5700/-
FURN-00796,WORKSTATION PRICELIST- AUG26.pdf,workstation,10,- 7,₹800,800,- 7800/-
FURN-00797,WORKSTATION PRICELIST- AUG26.pdf,workstation,10,(Black),"₹7,500",7500,(BLACK)  : 7500/-
FURN-00798,WORKSTATION PRICELIST- AUG26.pdf,workstation,10,Grey,"₹9,200",9200,GREY : 9200/-
FURN-00799,WORKSTATION PRICELIST- AUG26.pdf,workstation,11,Alpha Black - 6,₹500,500,ALPHA BLACK - 6500/-
FURN-00800,WORKSTATION PRICELIST- AUG26.pdf,workstation,11,Gamma,"₹15,500",15500,GAMMA : 15500/-
FURN-00801,WORKSTATION PRICELIST- AUG26.pdf,workstation,11,Delta,"₹7,100",7100,DELTA : 7100/-
FURN-00802,WORKSTATION PRICELIST- AUG26.pdf,workstation,11,Alpha Grey,"₹7,600",7600,ALPHA GREY : 7600/-
FURN-00803,WORKSTATION PRICELIST- AUG26.pdf,workstation,12,- 6,₹800,800,- 6800/-
FURN-00804,WORKSTATION PRICELIST- AUG26.pdf,workstation,12,- 7,₹300,300,- 7300/-
FURN-00805,WORKSTATION PRICELIST- AUG26.pdf,workstation,12,- 5,₹700,700,- 5700/-
FURN-00806,WORKSTATION PRICELIST- AUG26.pdf,workstation,12,- 6,₹300,300,- 6300/-
FURN-00807,WORKSTATION PRICELIST- AUG26.pdf,workstation,13,- 7,₹200,200,- 7200/-
FURN-00808,WORKSTATION PRICELIST- AUG26.pdf,workstation,13,- 6,₹300,300,- 6300/-
FURN-00809,WORKSTATION PRICELIST- AUG26.pdf,workstation,13,- 6,₹900,900,- 6900/-
FURN-00810,WORKSTATION PRICELIST- AUG26.pdf,workstation,13,- 6,₹200,200,- 6200/-
FURN-00811,WORKSTATION PRICELIST- AUG26.pdf,workstation,14,- 10,₹500,500,- 10500/-
FURN-00812,WORKSTATION PRICELIST- AUG26.pdf,workstation,14,- 7,₹900,900,- 7900/-
FURN-00813,WORKSTATION PRICELIST- AUG26.pdf,workstation,14,- 7,₹400,400,- 7400/-
FURN-00814,WORKSTATION PRICELIST- AUG26.pdf,workstation,14,- 15,₹0,0,- 15000/-
FURN-00815,WORKSTATION PRICELIST- AUG26.pdf,workstation,15,- 4,₹100,100,- 4100/-
FURN-00816,WORKSTATION PRICELIST- AUG26.pdf,workstation,15,Octa Visitor,"₹8,500",8500,OCTA VISITOR : 8500/-
FURN-00817,WORKSTATION PRICELIST- AUG26.pdf,workstation,16,Grey - 12,₹0,0,GREY - 12000/- | BLACK - 11000/-
FURN-00818,WORKSTATION PRICELIST- AUG26.pdf,workstation,16,- Black,"₹6,900",6900,- BLACK : 6900/- | GREY : 7600/-
FURN-00819,WORKSTATION PRICELIST- AUG26.pdf,workstation,16,- Black,"₹7,700",7700,- BLACK : 7700/- | GREY : 8400/-
FURN-00820,WORKSTATION PRICELIST- AUG26.pdf,workstation,16,- 5,₹800,800,- 5800/-
FURN-00821,WORKSTATION PRICELIST- AUG26.pdf,workstation,16,- 5,₹600,600,- 5600/-
FURN-00822,WORKSTATION PRICELIST- AUG26.pdf,workstation,17,Chair,Price on Request,0,CHAIR | MY CHAIR MY PRIDE | Price on Request
CAFE-001,CAFE PRICELIST- AUG26.pdf,cafe,2,Melody PP Blk Cush,"₹5,750",5750,"Melody PP Blk Cush | ₹5,750"
CAFE-002,CAFE PRICELIST- AUG26.pdf,cafe,2,Delsey (Ind),"₹6,300",6300,"Delsey (Ind) | ₹6,300"
CAFE-003,CAFE PRICELIST- AUG26.pdf,cafe,2,Melody PP Wht Cush,"₹6,300",6300,"Melody PP Wht Cush | ₹6,300"
CAFE-004,CAFE PRICELIST- AUG26.pdf,cafe,2,Toxy Metal,"₹6,600",6600,"Toxy Metal | ₹6,600"
CAFE-005,CAFE PRICELIST- AUG26.pdf,cafe,2,Toxy Woody,"₹6,600",6600,"Toxy Woody | ₹6,600"
CAFE-006,CAFE PRICELIST- AUG26.pdf,cafe,2,Toxy Gold,"₹6,600",6600,"Toxy Gold | ₹6,600"
CAFE-007,CAFE PRICELIST- AUG26.pdf,cafe,2,Lisbon Cush Woody,"₹6,050",6050,"Lisbon Cush Woody | ₹6,050"
CAFE-008,CAFE PRICELIST- AUG26.pdf,cafe,2,Lisbon PP,"₹3,900",3900,"Lisbon PP | ₹3,900"
CAFE-009,CAFE PRICELIST- AUG26.pdf,cafe,3,Bistro W/O Arms,"₹5,200",5200,"Bistro W/O Arms | ₹5,200"
CAFE-010,CAFE PRICELIST- AUG26.pdf,cafe,3,Sterling,"₹4,000",4000,"Sterling | ₹4,000"
CAFE-011,CAFE PRICELIST- AUG26.pdf,cafe,3,Bistro,"₹5,000",5000,"Bistro | ₹5,000"
CAFE-012,CAFE PRICELIST- AUG26.pdf,cafe,3,Jerry,"₹2,860",2860,"Jerry | ₹2,860"
CAFE-013,CAFE PRICELIST- AUG26.pdf,cafe,3,Cane W/O Arms,"₹4,500",4500,"Cane W/O Arms | ₹4,500"
CAFE-014,CAFE PRICELIST- AUG26.pdf,cafe,3,Cane Arms,"₹5,000",5000,"Cane Arms | ₹5,000"
CAFE-015,CAFE PRICELIST- AUG26.pdf,cafe,3,Vibe,"₹3,400",3400,"Vibe | ₹3,400"
CAFE-016,CAFE PRICELIST- AUG26.pdf,cafe,3,Swing,"₹4,200",4200,"Swing | ₹4,200"
CAFE-017,CAFE PRICELIST- AUG26.pdf,cafe,3,Stripe,"₹3,600",3600,"Stripe | ₹3,600"
CAFE-018,CAFE PRICELIST- AUG26.pdf,cafe,4,Sweden (PP),"₹3,000",3000,"Sweden (PP) | ₹3,000"
CAFE-019,CAFE PRICELIST- AUG26.pdf,cafe,4,Sweden CH.,"₹3,900",3900,"Sweden CH. | ₹3,900"
CAFE-020,CAFE PRICELIST- AUG26.pdf,cafe,4,Sweden DLX (Cush),"₹4,400",4400,"Sweden DLX (Cush) | ₹4,400"
CAFE-021,CAFE PRICELIST- AUG26.pdf,cafe,4,Zuri,"₹3,600",3600,"Zuri | ₹3,600"
CAFE-022,CAFE PRICELIST- AUG26.pdf,cafe,4,Furry,"₹2,750",2750,"Furry | ₹2,750"
CAFE-023,CAFE PRICELIST- AUG26.pdf,cafe,4,Bonny,"₹8,500",8500,"Bonny | ₹8,500"
CAFE-024,CAFE PRICELIST- AUG26.pdf,cafe,4,Fin,"₹5,000",5000,"Fin | ₹5,000"
CAFE-025,CAFE PRICELIST- AUG26.pdf,cafe,4,Bonny Gold,"₹9,200",9200,"Bonny Gold | ₹9,200"
