ID,Page,Product_Title,Price_Formatted,Raw_Price,Description,Image_Path
WS-001,2,Norway (Imp),"₹34,000",34000,"Glass flled nylon frame with korean mesh in back and seat 3D Adjustable armrest. Innovation mechanism. Two position lock, zero pressure seat. 700 mm Nylon base with 60mm castors & class 4 gas lift.",/extracted_product_images/workstation_001.jpg
WS-002,2,Lido (Imp),"₹19,450",19450,Glass flled nylon back & seat with Korean mesh. Fix PP armrest. Synchro tit cable control mechanism with single position lock. ninium die cast base with 60 mm nylon castors & class 4 gaslift.,/extracted_product_images/workstation_002.jpg
WS-003,2,Smart (Imp),"₹18,500",18500,Glassfilled nylon back with inbuilt lumbar. Fix PU padded armrest. Center tilt mechanism. 650mm grey nylon base with 60 mm nylon castors & class 4 gaslift,/extracted_product_images/workstation_003.jpg
WS-004,2,Brick (Blue / Grey) (Imp),"₹13,500",13500,Glass flled nylon mesh back with lumbar support & fabric seat. Fix PP armrest. Center tilt mechanism with single position lock. 650mm nylon base with 60 mm nylon castors & class 4 gaslift.,/extracted_product_images/workstation_004.jpg
WS-005,3,Deca (Imp),"₹12,000",12000,Glass flled nylon mesh back with fixed lumbar support & fabric seat. Fix PP armrest. Center tilt mechanism with single position lock. 650mm nylon base with 60 mm nylon castors & class 4 gaslft.,/extracted_product_images/workstation_005.jpg
WS-006,3,Hexa (Imp),"₹13,500",13500,Glass flled nylon mesh back with fixed lumbar support & fabric seat. Fix PP armrest. Synchro tilt mechanism with single position lock. 650mm nylon base with 60 mm nylon castors & class 4 gaslift.,/extracted_product_images/workstation_006.jpg
WS-007,3,Trio (Grey) (Imp),"₹12,500",12500,Glass flled nylon mesh back with fixed lumbar support & fabric seat. Fix PP armrest. Synchro tilt mechanism with single position lock. 650mm nylon base with 60 mm nylon castors & class 4 gaslit.,/extracted_product_images/workstation_007.jpg
WS-008,3,Trio (Blk) (Imp),"₹11,500",11500,Glassfilled nylon mesh back with fixed lumbar support & fabric seat. Fix PP armrest. Synchro tilt mechanism with single position lock. 650mm nylon base with 60 mm nylon castors & class 4 gaslift.,/extracted_product_images/workstation_008.jpg
WS-009,4,Pearl (Imp),"₹14,500",14500,Glass flled nylon back with inbuilt lumbar support & fabric seat. Fix PP armrest. Backrest can be reclined. 650mm nylon base with 60 mm nylon castors & class 4 ga,/extracted_product_images/workstation_009.jpg
WS-010,4,Sweety (Grey/Black /Blue) (Imp),"₹8,500",8500,Glass filled nylon mesh back with fixed lumbar support & fabric seat. Fix PP armrest. Center tit mechanism with single position lock. 650mm nylon base with 60 mm nylon castors & class 4 gaslift.,/extracted_product_images/workstation_010.jpg
WS-011,4,Glaze Seat Cushion (Grey) (Imp),"₹8,500",8500,Glass filled nylon back with mesh and fabric seat. Fixed PP armrest attached with the back. Fixed Lumbar support. Center tilt with single position lock. 650mm nylon base with 60mm nylon castors & class 4 Gas lift.,/extracted_product_images/workstation_011.jpg
WS-012,5,Omega (Grey) (Ind),"₹10,000",10000,Glassfilled nylon mesh back with fixed lumbar support & fabric seat. Fix PP armrest. Center tilt mechanism with single position lock. 650mm nylon base with 60 mm nylon castors & class 4 gaslft. (without seat outer).,/extracted_product_images/workstation_012.jpg
WS-013,5,Octa,"₹10,500",10500,Glass filled Nylon back with Fabric Mesh. Fixed PP armrest attached with back. Fix lumbar support. Center tilt mechanism with single position lock. 650mm nylon base with twin wheel nylon castors & class 4 gas lift.,/extracted_product_images/workstation_013.jpg
WS-014,5,Winner Grey (Imp),"₹14,500",14500,Glass flled nylon mesh back with adjustable lumbar support & fabric seat. Nylon armrest with PU pad with flipping movement. Center tilt mechanism with single position lock. 650mm nylon base with 60 mm nylon castors & class 4 gaslit.,/extracted_product_images/workstation_014.jpg
WS-015,5,Winner Blk (Imp),"₹13,750",13750,Glass filled nylon mesh back with adjustable lumbar support & fabric seat. Nylon armrest with PU pad with flipping movement. Center tilt mechanism with single position lock. 650mm nylon base with 60 mm nylon castors & class 4 gaslf.,/extracted_product_images/workstation_015.jpg
WS-016,6,Eco,"₹10,000",10000,Commercial Ergonomic Workstation Chair with Mesh/Fabric Support.,/extracted_product_images/workstation_016.jpg
WS-017,6,Eco,"₹8,700",8700,Classfilled nylon mesh back with fixed lumbar support & fabric seat. 2D Adjustable PU pad armrest. Synchro tilt mechanism with single position lock. Auto weight mechanism available at additional cost. 650mm chrome base with 60 mm nylon castors & class 4 gaslift.,/extracted_product_images/workstation_017.jpg
WS-018,6,Zen (Grey (Ind),"₹8,800",8800,Commercial Ergonomic Workstation Chair with Mesh/Fabric Support.,/extracted_product_images/workstation_018.jpg
WS-019,6,Zen (Black) (Ind),"₹8,000",8000,Glass flled nylon mesh back with fixed lumbar support & fabric seat. 2D Adjustable PU pad armrest. Synchro tilt mechanism with single position lock. Auto weight mechanism available at additional cost. 650mm nylon base with 60 mm nylon castors & class 4 galift.,/extracted_product_images/workstation_019.jpg
WS-020,6,Time Grey (Ind),"₹8,600",8600,Glassfilled nylon mesh back with fixed lumbar support & fabric seat. Adjustable PP armrest. Center tilt synchro mechanism with single position lock. 650mm chrome base with 60 mm nylon castors & class 4 gaslift.,/extracted_product_images/workstation_020.jpg
WS-021,6,Time Blk (Ind),"₹7,300",7300,Glass flled nylon mesh back & fabric seat. Adjustable PP armrest. Center tilt synchro mechanism with single position lock. 650mm nylon base with 60 mm nylon castors & class 4 gaslft.,/extracted_product_images/workstation_021.jpg
WS-022,7,Vista Black (Ind),"₹7,900",7900,Commercial Ergonomic Workstation Chair with Mesh/Fabric Support.,/extracted_product_images/workstation_022.jpg
WS-023,7,Vista Grey (Ind),"₹9,700",9700,Glass flled nylon mesh back with fixed lumbar support & fabric seat. 2D Adjustable PP armrest. Synchro tilt mechanism with single position lock. 650mm nylon base with 60 mm nylon castors & class 4 gaslit. VISTA DLX : With grey body & chrome base.,/extracted_product_images/workstation_023.jpg
WS-024,7,Karina Dlx (Ind),"₹7,600",7600,Glassfilled nylon mesh back with fixed lumbar support & fabric seat. Fix/ Adjustable PP armrest. Synchro tit mechanism with single position lock. 650mm nylon base with 60 mm nylon castors & class 4 gaslift.,/extracted_product_images/workstation_024.jpg
WS-025,7,Polo Eco (Ind),"₹6,700",6700,Commercial Ergonomic Workstation Chair with Mesh/Fabric Support.,/extracted_product_images/workstation_025.jpg
WS-026,7,Polo Dlx (Ind),"₹7,200",7200,Glass flled nylon mesh back with fixed lumbar support & fabric seat. Fix/ Adjustable PP armrest. Synchro tilt mechanism with single position lock. 650mm nylon base with 60 mm nylon castors & class 4 gaslit.,/extracted_product_images/workstation_026.jpg
WS-027,7,Eon Dlx (Ind),"₹7,900",7900,Glassfilled nylon mesh back with fixed lumbar support & fabric seat. Fix/ Adjustable PP armrest. Synchro tit mechanism with single position lock. 650mm nylon base with 60 mm nylon castors & class 4 gaslift.,/extracted_product_images/workstation_027.jpg
WS-028,8,Ergon Blk (Ind),"₹9,500",9500,Glass filled nylon mesh back with adjustable lumbar support & fabric seat. Adjustable PP armrest. Synchro tit mechanism with single position lock. 650mm nylon base with 60 mm nylon castors & class 4 gaslft.,/extracted_product_images/workstation_028.jpg
WS-029,8,Ergon Wht (Ind),"₹11,500",11500,Glass filled nylon mesh back with adjustable lumbar support & fabric seat. Adjustable PP armrest. Synchro tilt mechanism with single position lock. 650mm nylon base with 60 mm nylon castors & class 4 gaslift.,/extracted_product_images/workstation_029.jpg
WS-030,8,Smile Eco (Ind),"₹6,800",6800,Commercial Ergonomic Workstation Chair with Mesh/Fabric Support.,/extracted_product_images/workstation_030.jpg
WS-031,8,Smile Dlx (Ind),"₹6,900",6900,Glass flled nylon mesh back with fixed lumbar support & fabric seat. Fix/ Adjustable PP armrest. Synchro tilt mechanism with single position lock. 650mm nylon base with 60 mm nylon castors & class 4 gaslit.,/extracted_product_images/workstation_031.jpg
WS-032,8,Smile Cush Eco (Ind),"₹7,500",7500,Commercial Ergonomic Workstation Chair with Mesh/Fabric Support.,/extracted_product_images/workstation_032.jpg
WS-033,8,Smile Cush Dlx (Ind),"₹7,700",7700,Glass filled nylon back with fixed lumbar support & fabric seat and back. Fix/ Adjustable PP armrest. Synchro tilt mechanism with single position lock. 650mm nylon base with 60 mm nylon castors & class 4 gaslift.,/extracted_product_images/workstation_033.jpg
WS-034,9,Sky (Ind),"₹6,400",6400,Glass flled nylon mesh back with inbuilt lumbar support & fabric seat. Fix PP armrest attached to the back. Center tilt mechanism with single position lock. 650mm nylon base with 60 mm nylon castors & class 4 gaslft.,/extracted_product_images/workstation_034.jpg
WS-035,9,Jupitor (Grey) (Ind),"₹6,800",6800,Commercial Ergonomic Workstation Chair with Mesh/Fabric Support.,/extracted_product_images/workstation_035.jpg
WS-036,9,Jupitor (Black) (Ind),"₹6,400",6400,Glass filled nylon mesh back with inbuilt lumbar support & fabric seat. Fix PP armrest attached to the back. Center tilt mechanism with single position lock. 650mm nylon base with 60 mm nylon castors & class 4 gaslift.,/extracted_product_images/workstation_036.jpg
WS-037,9,Leo (White) (Ind),"₹6,600",6600,Commercial Ergonomic Workstation Chair with Mesh/Fabric Support.,/extracted_product_images/workstation_037.jpg
WS-038,9,Leo (Black) (Ind),"₹5,700",5700,Glass flled nylon mesh back with inbuilt lumbar support & fabric seat. Fix PP armrest attached to the back. Center tit mechanism with single position lock. 650mm nylon base with 60 mm nylon castors & class 4 gaslift.,/extracted_product_images/workstation_038.jpg
WS-039,9,Kabel (Ind),"₹6,200",6200,Glass flled nylon mesh back with inbuilt lumbar support & fabric seat. Fix PP armrest attached to the back. Center tilt mechanism with single position lock. 650mm nylon base with 60 mm nylon castors & class 4 gaslift.,/extracted_product_images/workstation_039.jpg
WS-040,10,Quest Dlx (Ind),"₹7,800",7800,Glass filled nylon mesh back with fixed lumbar support & fabric seat. Fix/ Adjustable PP armrest. Synchro tilt mechanism with single position lock. 650mm nylon base with 60 mm nylon castors & class 4 gaslft.,/extracted_product_images/workstation_040.jpg
WS-041,10,Flash Dlx (Ind),"₹7,800",7800,Glass flled nylon mesh back with fixed lumbar support & fabric seat. Fix/ Adjustable PP armrest. Synchro tit mechanism with single position lock. 650mm nylon base with 60 mm nylon castors & class 4 gaslf.,/extracted_product_images/workstation_041.jpg
WS-042,10,Vitro (Ind) Grey,"₹9,200",9200,Glass filled nylon mesh back with adjustable lumbar support & fabric seat. Adjustable PP armrest. Synchro tilt mechanism with single position lock. 650mm chrome base with 60 mm nylon castors & class 4 gaslift.,/extracted_product_images/workstation_042.jpg
WS-043,10,Vitro (Ind) (Black),"₹7,500",7500,Glass flled nylon mesh back with adjustable lumbar support & fabric seat. Adjustable PP armrest. Synchro tilt mechanism with single position lock. 650mm chrome base with 60 mm nylon castors & class 4 gaslift.,/extracted_product_images/workstation_043.jpg
WS-044,11,Alpha Grey,"₹7,600",7600,Glass flled nylon mesh back with inbuilt lumbar support & fabric seat. Fix PP armrest attached to the back. Center tilt mechanism with single position lock. Chrome base with 60 mm nylon castors & class 4 gaslft.,/extracted_product_images/workstation_044.jpg
WS-045,11,Alpha Black,"₹6,500",6500,Glass flled nylon mesh back with inbuilt lumbar support & fabric seat. Fix PP armrest attached to the back. Center tilt mechanism with single position lock. Nylon base with 60 mm nylon castors & class 4 gaslift.,/extracted_product_images/workstation_045.jpg
WS-046,11,Delta,"₹7,100",7100,Glassfilled nylon mesh back with inbuilt lumbar support & fabric seat. Fix PP armrest attached to the back. Center tilt mechanism with single position lock. 650mm chrome base with 60 mm nylon castors & class 4 gaslift.,/extracted_product_images/workstation_046.jpg
WS-047,11,Gamma,"₹15,500",15500,Glass flled nylon backrest with lumbar support & mesh fabric. 4D Adjustable Armrest with Gel PU pad. Self weight syncro tilt mechanism with multi position lock & seat slider. 700mm aluminium diecast base with glassfilled nylon castors & class 4 Gas lift.,/extracted_product_images/workstation_047.jpg
WS-048,12,Colt (Ind),"₹6,800",6800,Glass flled nylon mesh back with inbuilt lumbar support & fabric seat. Fix PP armrest attached to the back. Center tilt mechanism with single position lock. 650mm nylon base with 60 mm nylon castors & class 4 gaslift.,/extracted_product_images/workstation_048.jpg
WS-049,12,Colt White (Ind),"₹7,300",7300,Glass filled nylon mesh back with inbuilt lumbar support & fabric seat. Fix PP armrest attached to the back. Center tilt mechanism with single position lock. 650mm chrome base with 60 mm nylon castors & class 4 gaslift.,/extracted_product_images/workstation_049.jpg
WS-050,12,Mono (Ind),"₹5,700",5700,Glass filled nylon mesh back with inbuilt lumbar support & fabric seat. Fix PP armrest attached to the back. Center tilt mechanism with single position lock. 650mm nylon base with 60 mm nylon castors & class 4 gaslit.,/extracted_product_images/workstation_050.jpg
WS-051,12,Mono White (Ind),"₹6,300",6300,Glass flled nylon mesh back with inbuilt lumbar support & fabric seat. Fix PP armrest attached to the back. Center tilt mechanism with single position lock. 650mm chrome base with 60 mm nylon castors & class 4 gaslift.,/extracted_product_images/workstation_051.jpg
WS-052,13,Queen White (Ind),"₹7,200",7200,Glass flled nylon mesh back with inbuilt lumbar support & fabric seat. Fix PP armrest attached to the back. Center tilt mechanism with single position lock. 650mm chrome base with 60 mm nylon castors & class 4 gaslift.,/extracted_product_images/workstation_052.jpg
WS-053,13,Queen (Ind),"₹6,300",6300,Glass filled nylon mesh back with inbuilt lumbar support & fabric seat. Fix PP armrest attached to the back. Center tilt mechanism with single position lock. 650mm nylon base with 60 mm nylon castors & class 4 gaslift.,/extracted_product_images/workstation_053.jpg
WS-054,13,Sara White (Ind),"₹6,900",6900,Glass flled nylon mesh back with inbuilt lumbar support & fabric seat. Fix PP armrest attached to the back. Center tit mechanism with single position lock. 650mm chrome base with 60 mm nylon castors & class 4 gaslft.,/extracted_product_images/workstation_054.jpg
WS-055,13,Sara (Ind),"₹6,200",6200,Glass flled nylon mesh back with inbuilt lumbar support & fabric seat. Fix PP armrest attached to the back. Center tilt mechanism with single position lock. 650mm nylon base with 60 mm nylon castors & class 4 gaslft.,/extracted_product_images/workstation_055.jpg
WS-056,14,Astor Visitor (Imp),"₹15,000",15000,Finest composite leather on back & seat. Chrome finish armrest with pu pad. Round M.S. chrome plated cantilever pipe frame.,/extracted_product_images/workstation_056.jpg
WS-057,14,Sleek Visitor (Imp / Ind),"₹10,500",10500,Finest composite leather on back & seat. Chrome finish armrest with pu pad. Round M.S. chrome plated cantilever pipe frame.,/extracted_product_images/workstation_057.jpg
WS-058,14,Colt Visitor (White) (Ind),"₹7,900",7900,Commercial Ergonomic Workstation Chair with Mesh/Fabric Support.,/extracted_product_images/workstation_058.jpg
WS-059,14,Colt Visitor (Black) (Ind),"₹7,400",7400,Glass flled nylon mesh back & fabric seat. Fix PP armrest attached to the back. Oblong M.S. chrome plated cantilever pipe frame.,/extracted_product_images/workstation_059.jpg
WS-060,14,Queen Visitor (White (Ind),"₹7,700",7700,Commercial Ergonomic Workstation Chair with Mesh/Fabric Support.,/extracted_product_images/workstation_060.jpg
WS-061,14,Queen Visitor (Black) (Ind),"₹7,100",7100,Glass flled nylon bucket shell with mesh back & fabric seat. Fix PP armrest attached to the back. Oblong M.S. chrome plated cantilever pipe frame.,/extracted_product_images/workstation_061.jpg
WS-062,15,Octa Visitor,"₹8,500",8500,Glass filled nylon mesh back & fabric seat. Fix PP armrest attached to the back. Oblong M.S. chrome plated cantilever pipe frame.,/extracted_product_images/workstation_062.jpg
WS-063,15,Sara Pp (White) (Ind),"₹6,400",6400,Commercial Ergonomic Workstation Chair with Mesh/Fabric Support.,/extracted_product_images/workstation_063.jpg
WS-064,15,Sara Pp (Black) (Ind),"₹4,900",4900,Glass filled nylon mesh back attached with arms. PU cushion seat with hotpressed plywood. Fix PP legs.,/extracted_product_images/workstation_064.jpg
WS-065,15,Queen Pp (White) (Ind),"₹6,500",6500,Commercial Ergonomic Workstation Chair with Mesh/Fabric Support.,/extracted_product_images/workstation_065.jpg
WS-066,15,Queen Pp (Black) (Ind),"₹5,100",5100,Glass filled nylon bucket shell with mesh back. PU cushion seat with hotpressed plywood. Fix PP legs.,/extracted_product_images/workstation_066.jpg
WS-067,15,Cosmo Cushion (Ind),"₹4,100",4100,Glass filled nylon back along with arms. PU cushion seat with hotpressed plywood. Mild steel powder coated heavy gauge frame.,/extracted_product_images/workstation_067.jpg
WS-068,16,Key W/O Tablet (Ind) - Black,"₹6,900",6900,Commercial Ergonomic Workstation Chair with Mesh/Fabric Support.,/extracted_product_images/workstation_068.jpg
WS-069,16,Key Tablet (Ind) - Black,"₹7,700",7700,Glass filled nylon mesh back & fabric seat. Multibend seat plywood with PU cushion & PP seat outer. PP armrest with forward- backward movement. M.S oblong powder coated pipe frame chair with castors/ bush.,/extracted_product_images/workstation_069.jpg
WS-070,16,Cosmo Tablet (Ind),"₹5,600",5600,Glass flled nylon back with arms & fabric seat. Flip top design PP writing pad with metal support frame. Mild steel powder coated round pipe frame.,/extracted_product_images/workstation_070.jpg
WS-071,16,Flip Tablet (Imp) Grey,"₹12,000",12000,One piece PP shell with fabric seat. Flip top design PP writing pad with metal support frame. Mild steel powder coated round pipe frame.,/extracted_product_images/workstation_071.jpg
WS-072,16,Sweden Tablet (Ind),"₹5,800",5800,One piece PP shell with fabric seat. Flip top design PP writing pad with metal support frame. Mild steel powder coated round pipe frame.,/extracted_product_images/workstation_072.jpg
